0001,Д и Н,Николай Водневский,Золотые колосья,Беседы автора с читателями ,,,
0002,Толк.,Платон Харчлаа,Толкования ветхозаветних книг от книги Исайи по книгу Малахии,,,,
0003,Ист.,С. Н. Савинский,"История ЕХБ Украины, России, Белоруссии. Часть 1",,,,
0004,Д и Н,Джеймс Букэнан,Признан невиновным,Библейское учение об оправдании,,,
0005,Д и Н,Джон Ф.Мак-Артур,Благовествование Христово,"Что подразумевает Христос,когда говорит:""Следуй за Мной?""",,,
0006,Д и Н,А.Б.Симпсон,Богатство христианской жизни,"Вдохновенный рассказ о жизни с избытком, которую верующий обретает во Христе",,,
0007,Д и Н,Рой Хессион,Под знаком Голгофы,"Перемены начинаются в глубочайших сферах нашей жизни. Именно здесь наше личное смирение и покаяние могут пробудить жизнь и любовь Бога, и повести нас путем Голгофы к свободе, к Иисусу Христу, Который наделяет новой жизнью всех ищущих",,,
0008,Ист.,С. Н. Савинский,"История ЕХБ Украины, России, Белоруссии. Часть 2",,,,
0009,Д и Н,Петер Майер,…Отпустить измученных на свободу,Освобождение от оккультной обремененности,,,
0010,Биогр.,Сезар Видаль Мансанарес,"Воспоминания ""свидетеля Иеговы""","Свидетельство Сезара Видаля разоблачающие деятельность секты ""свидетелей Иеговы""",,,
0011,Биогр.,Сезар видаль Мансарес,"Воспоминания ""свидетеля Иеговы""","Свидетельство Сезара Видаля разоблачающие деятельность секты ""свидетелей Иеговы""",,,
0012,Д и Н,Изабель Кун,Ищущие Меня,Как из номинальной христианки сформировалась благословенная миссионерка ,,,
0013,Худ.,Эглактон Торн,Джулиет,,,,
0014,Толк.,Мартин Ллойд-Джонс,Нагорная проповедь. Том 1,"В этой книге предлагается подробное и глубокое исследование одной из самых известных, но очень часто неверно понимаемых частей Писания — Нагорной проповеди.",,,
0015,Толк.,Мартин Ллойд-Джонс,Конечная цель Бога,Комментарии к Ефесянам 1:1-21,Том 1,,
0016,Толк.,Мартин Ллойд-Джонс,Божий путь примирения,Комментарии к Ефесянам 2:1-22,Том 2,,
0017,Толк.,Мартин Ллойд-Джонс,Настоящее христианство. Том 1,Проповеди на книгу Деяний Апостолов (Деяния 1-3 гл.),Том 1,,
0018,Толк.,Мартин Ллойд-Джонс,Настоящее христианство. Том 2,Проповеди на книгу Деяний Апостолов (Деяния 4-5 гл.),Том 2,,
0019,Толк.,Мартин Ллойд-Джонс,Настоящее христианство. Том 3,Проповеди на книгу Деяний Апостолов (Деяния 5-6 гл.),Том 3,,
0020,Толк.,Мартин Ллойд-Джонс,Настоящее христианство. Том 4,Проповеди на книгу Деяний Апостолов (Деяния 7:1-29),Том 4 ,,
0021,Д и Н,Синклер Б. Фергюсон,Христианская жизнь. Введение в доктрину,"Эта книга не только разъясняет учение Писания, но и показывает его значение в нашей повседневной практической жизни.",,,
0022,Толк.,Джон Бентон,Злословящие ангелов,Комментарии на Послание Иуды,,,
0023,Д и Н,Дан Ричардсон,Вечность в их сердцах,Паралели между Библией и религиями древних народов,,,
0024,Д и Н,Р. Паркссон,Реки воды живой,Тайна жизни духовного и плотскогочеловека,,,
0025,Толк.,Мартин Ллойд-Джонс,Самодостаточный Бог,Проповеди на книгу Исаии 40,,,
0026,Д и Н,"Пол Брэнд, Филин Янси",По образу Его,"В пяти разделах книги - Образ, Кровь, Голова, Дух, Боль, - известный хирург показывает взаимодействие Бога и Церкви, Бога и христианина",,,
0027,Толк.,Мартин Ллойд-Джонс,Послание к Римлянам. Том 1: Благовестие Божие,Комментарии на Послание Римлянам (1 гл.),,,
0028,Толк.,Мартин Ллойд-Джонс,Послание к Римлянам. Том 2: Праведный суд Божий,Комментарии на Послание Римлянам (гл. 2:1 - 3:20),,,
0029,Толк.,Мартин Ллойд-Джонс,Послание к Римлянам. Том 3: Искупление и оправдание,Комментарии на Послание Римлянам (гл. 3:20 - 4:25),,,
0030,Толк.,Мартин Ллойд-Джонс,Послание к Римлянам. Том 4: Уверенность,Комментарии на Послание Римлянам (5 гл.),,,
0031,Толк.,Майкл Бентли,Жить для Христа в языческом мире,Простое толкование первого и второго послания апостола Петра,,,
0032,Толк.,Дж. Филипп Артур,Терпение упования,Первое и второе послания к Фессалоникийцам в простом изложении,,,
0033,Д и Н,Платон Харчлаа,Живая надежда,Ответы на вопросы верующих и неверующих,,,
0034,Д и Н,Герролд Стюард,Все соделал Он прекрасным,Гармонические сочетания науки и Библейской истины,,,
0035,Д и Н,Боб Джордж,Жить! Не взирая на обстоятельства,"Как мы можем увидеть Христа - нашу Надежду, даже в самой безнадежной обстановке",,,
0036,Толк.,Дерик Прайм,Изучаем второе послание к Коринфянам,Изучение второго послания к Коринфянам,,,
0037,Д и Н,Мартин Ллойд-Джонс,От страха к вере. Как радоваться о Господе в трудные времена,"Автор показывает, что ни одно событие не выходит за рамки замысла милосердного Бога относительно всего человечества.",,,
0038,Д и Н,Дэвид Гудинг,Окно в рай,14 исследований по Евангелию от Луки,,,
0039,Толк.,Мартин Ллойд-Джонс,Испытание веры,Изучение Псалма 72,,,
0040,Толк.,Мартин Ллойд-Джонс,Нагорная проповедь. Том 2,"В этой книге предлагается подробное и глубокое исследование одной из самых известных, но очень часто неверно понимаемых частей Писания — Нагорной проповеди.",,,
0041,Худ.,Кристоф Шмидт,Роза из Таненбурга,"История швейцарской семьи, жившей в рыцарские времена, для многих может стать поучительным примером воспитания детей в Боге.",,,
0042,Худ.,Н.Н.Сизов,Один из сонма,Сборник автобиографических рассказов,,,
0043,Д и Н,А.Б.Симпсон,Ключ к молитве,"Изложение основ христианской молитвы (молитва Господня, молитва веры, препятствия в молитве).",,,
0044,Д и Н,Э. Буллингэр,Две натуры Дитя Божьего,Сущность старой и новой натуры,,,
0045,Д и Н,Дж. Мэйсон,Враг по имени посредственность,"Книга написана автором ""Ты родился оригиналом, не умри копией"" примерно в том же ключе","Больше психологии, чем христианства",,
0046,Д и Н,Ричард Беннет,В поисках Бога,"Кем был в действительности Иисус Христос – Мессией еврейского народа, Спасителем мира, царём или бунтовщиком? Большой знаток Библии, автор приводит убедительные места Писания, чтобы начертать людям Божий план спасения",,,
0047,Д и Н,Ральф Шали,Смена курса - начало жизни,"Четыре обязанности прилежное, исполнение которых создает основу полноценной жизни во Христе",,,
0048,Д и Н,"В. Гитт, К.Х. Ванхайдн",Если бы животные могли говорить,Авторы от лица животных (:-)) рассказывают нам о мудрости Творца и Его предусмотрительном обеспечении творений всеми необходимыми сложно устроенными органами.,,,
0049,Д и Н,Николай Водневский,Хочу знать,"Что может и должен знать человек в духовном плане о свое м прошлом, настоящем и будущем",,,
0050,Д и Н,Николай Водневский,Хочу знать,"Что может и должен знать человек в духовном плане о свое м прошлом, настоящем и будущем",,,
0051,Б и П,Генри А. Верклер,Герменевтика,Принципы и процесс толкования Библии,,,
0052,Д и Н,Гордон Макдональд,Как упорядочить свой внутренний мир?,"Что такое внутренний мир, и какое воздействие он оказывает на нашу жизнь?",,,
0053,К и МР,под ред. А.Г.Бринзы,Синай или Голгофа,О субботниках (адвентистах седьмого дня),"Серия ""В помощь служителю""",,
0054,Худ.,"П. Беннер, П. Валтерсбахер",В безопасной обители и Ты - источник,Сборник стихов для семьи и воскресной школы,,,
0055,Худ.,П.Ляшенко,Навстречу вечности,Стихи и поэмы,,,
0056,Д и Н,Макс Лукадо,Великий дом Божий,"Взяв за образец молитву ""Отче наш"", автор предлагает совершить экскурсию по дому, сотворенному для тебя Господом.",,,
0057,Д и Н,П.И. Рогозин,Существует ли загробная жизнь?,Научные обоснования существования Бога и загробной жизни,,,
0058,Д и Н,Н. Салов-Астахов,Секрет и сила молитвы,Эта книга о значении силы молитвы в жизни верующего,,,
0059,Д и Н,Александр Дудник,"НЕТ, я не пойду",Размышления пастора над книгой пророка Ионы,,,
0060,Д и Н,И. Силуянова,Искушение клонированием,Этические проблем современной генетики,,,
0061,Д и Н,Петр Бекли,Заглядывая в будущее,"Нужно ли верить своему гороскопу? Астрология - невинное развлечение? А может, мою жизнь определяет некое таинственное духовное существо?",,,
0062,Д и Н,"Пол Бренд, Филип Янси",Ты дивно устроил внутренности мои,"Внутреннее простанство человека - мир его клеток, органов, биохимических процессов - это  проповедь, в которой Бог рассказывает людям о церквии взаимоотношениях  между ее членами",,,
0063,К и МР,под ред. А.Г.Бринзы,Иные языки. Новозаветний образец и практика наших дней,О харизматах и пятидесятниках,,,
0064,Д и Н,Джойс Свенсон,Подрыв теории большого взрыва,О сотворении мира и эволюции,,,
0065,Ист.,Володимир Домашовець,Український євангельсько-баптистський рух в його 150-річний ювілей.,Історія Баптистського Руху за період 1852 - 2002 років.,,,
0066,Б и П,Рене Паш,Богодухновенность и авторитет Библии,Цель книги - раскрыть вопрос о подлинности и Богодухновенности Библии,,,
0067,Д и Н,Вильгельм Буш,Иисус - наша судьба,"Благовестие для людей, проповедь Евангелия",,,
0068,Д и Н,Джон Буньян,Духовная война,"Разбирает внутреннюю борьбу духа с плотью и действие, истекающее от этой борьбы, насколько она может влиять на душевный мир и счастье человека и его жизни",,,
0069,Д и Н,Джон Ф. Мак-Артур,Пастырелогия,Генеральный план для церковного руководства,,,
0070,Д и Н,Джош Макдауэлл,Неоспоримые свидетельства,"Автор отвечает на вопрос, представляет ли Библия правдивый исторический источник",,,
0071,Ист.,Алексей Синичкин,Всё ради миссии,"Книга рассказывает о Редстоке, Пашкове, Бедекере, Делякове и других подвижниках Евангелия. Также автор пишет о процессе возникновения русско-украинского баптизма.",,,
0072,Д и Н,Мартин Ллойд-Джонс,Духовная депрессия,Причины возникновения депрессии и способы избавления от нее,,,
0073,Д и Н,Сюзанна Сперджен,"""Кисть кипера""",Древние истины о безмерной благодати и жертвенной любви,,,
0074,Д и Н,Сюзанна Сперджен,Колокольный перезвон,Автор лирически и глубоко духовно раскрывает проблему страданий и скорбей в жизни христианина,,,
0075,Д и Н,Вернер Гитт, Вопросы первостепенной важности,"Ответы на вопросы, которые волнуют ищущих Бога и сомневающихся скептиков",,,
0076,Д и Н,Дерек Прайм,Пасторы и учители,"Цель книги состоит в том, чтобы проанализировать служение пасторов и учителей в церкви и для общей пользы поделиться опытом и практическими советами. ",,,
0077,Д и Н,Освальд Чемберс,Все мое предельное Господу,Чтения на каждый день,,,
0078,Д и Н,Генри Скугал и Роберт Лейтон,Жизнь Божья с избытком,"Господь Иисус Христос сказал, что Он пришел дать жизнь с избытком всем, кто верует в Него. В своей работе Скугал уделяет особое внимание размышлениям о жизни вечной.",,,
0079,Д и Н,Тимоти Дж. Келлер,Служение милосердия. Твоя дорога в Иерихон,Рассуждения на тему притчи Христовой о добром самарянине в современных американских реалиях,,,
0080,Д и Н,Ада Лум,Одиночество,"Книга посвящена проблемам неженатых и незамужних христиан. Автор во многом исходит из личного опыта, а также из свидетельств других одиноких христиан",,,
0081,Худ.,GBV,Юдифь,Сборник христианских рассказов ,,,
0082,Биогр.,Михаэль П. Халькомб,В узах за Христа,"Бесценные уроки, пройденные христианским пастором в условиях атеистического режима",,,
0083,Д и Н,Вернер Гитт, Вопросы первостепенной важности,"Ответы на вопросы, которые волнуют ищущих Бога и сомневающихся скептиков",,,
0084,Д и Н,Чарльз Колсон,Конфликт царств,"Книга посвящена одной из духовных тем, вопросу про самую высшую власть в жизни христианина",,,
0085,Д и Н,Чарльз Колсон,Любить Бога,Путешествие в самого себя,,,
0086,М и Р,BEE International,Христианское воспитание детей,Курс молодого отца :-),,,
0087,Ист.,Ричард Вурмбранд,Пытаемы за Христа,"Истории людей, гонимых за Христа в советское время на территории стран бывшего соцлагеря ",,,
0088,Д и Н,Павел Гараджа,Слово без маски,"Очерки, статьи, стихотворения о людях, жизнь которых перевернула встреча с Иисусом Христом.",,,
0089,Б и П,Ч. Г. Сперджен,Сила в молитве,"Автор отвечает на вопросы и страхи, которые возникают, когда мы учимся молиться",,,
0090,Худ.,ред. С. А. Черкассов,Сборник христианских стихов,"Беларусское издательство ММП ""Вилия"" Минск, 1999г.",Том 2,,
0091,Толк.,Вернер де Боор,Первое послание к Коринфянам (комментарии),"Вуппертальское изучение Библии (издательство ""Свет та Востоке"")",,,
0092,Худ.,Кристина Рой,Дорогой ценой,"Роман о пути людей ко Христу, к признанию Его своим Господом и Спасителем. На примере жизненных ситуаций автор показывает истиность евангельских заповедей.",,,
0093,Д и Н,Лейтон Талберт,Не случайно,"Божье провидение - прочное основание нашей веры, позволяющее нам с уеренностью воспринимать жизненные трудности и трагедии",,,
0094,Д и Н,Эдвард Т. Уэлч,Зависимости: банкет в могиле,"Автор говорит о зависимости, как об идолопоклонстве, это проблема греховности человеческого сердца. Подобный подход соответствует Писанию и помогает людям духовно расти и изменяться",,,
0095,Д и Н,Эдвард Т. Уэлч,"Когда люди большие, а Бог маленький","Как преодолеть влияние сверстников, созависимость и страх перед людьми",,,
0096,Б и П,Иоахим Лангхаммер,Что будет с этим миром?,Толкование Божьего плана спасения,,,
0097,Б и П,Иоахим Лангхаммер,Что будет с этим миром?,Толкование Божьего плана спасения,,,
0098,Д и Н,Эдвард Т. Уэлч,Депрессия: неотступная тьма,"Будучи написана для страдающих депрессией, эта книга поможет читателям в созидании своих взаимоотношений с Богом и людьми",,,
0099,Худ.,Д.Ф. Левгрен,"""…И их светильники погасли""",История церкви небольшого норвежского города перед вторым пришествием Христа,,,
0100,Д и Н,Стив Маквей,Земля Благодати,"Автор напоминает, что Божья благодать касается всех сфер нашей жизни, даже тайных, глубоко укоренившихся привычек и твердынь.",,,
0101,Д и Н,Герролд Стюард,Все соделал Он прекрасным,Гармонические сочетания науки и Библейской истины,,,
0102,Д и Н,Макс Лукадо,Точно как Иисус,"Бог любит тебя слишком сильно, чтобы позволить тебе оставаться таким, какой ты есть. Он хочет, чтобы ты стал… Точно как Иисус",,,
0103,Худ.,Лори Вик,Чуть громче шепота,"История о победе веры над страхом и об узах, которые соединяют на всю жизнь",,,
0104,Д и Н,Освальд Чейнберг,"Все, что могу - во славу Его",Духовные уроки на каждый день,,,
0105,Худ.,Иоанна Лорх,Любовь измеряется жертвой.,"Судьбы трех женщин. Мари, заболев неизлечимой болезнью, принимает нелегкое решение посвятить себя служению прокаженным и несет им благую весть о Спасителе. Клара, осиротев, обретает новых родителей в лице истинных христиан и, наблюдая за их жизнью, начинает жить не для себя, а для других. ",,,
0106,Худ.,"Издательство ""GBV""",Топси,О миссионерах в Китае,,,
0107,Худ.,Уоллесъ,Бэнъ-Хуръ,Повесть из первых лет Христианства,,,
0108,Толк.,Мартин Ллойд-Джонс,Настоящее христианство (Деян. Ап. 7:30-60),"Стефан -христианин настолько уподобившийся Христу, бескомпромисный и верный своим убеждениям даже до смерти, что его свидетельство потрясает мир до сих пор",том 5,,
0109,Толк.,Мартин Ллойд-Джонс,Настоящее христианство (Деян. Ап. 8:1-35),"Гонения, возникшие после смерти Стефана, привели к распространению Евангелия в Самарии, а благодаря возрождению евнуха-эфиопа оно достигло Африки",том 6,,
0110,Д и Н,Мориц Гейслер,Трудные вопросы Библии,"Автор даеь подробные, исчерпывающие разъяснениятруднопонимаемых мест Библии и кажущихся противоречий",,,
0111,Худ.,Кристина Рой,Три друга,О дружбе трех молодых ребят,,,
0112,Худ.,Том Уайт,"""Ракеты"" над Кубой","Захватывающая история о Божьей страдающей церкви за ""Железным зановесом"" страны сахарного тростника",,,
0113,Худ.,Григория Зинченко,Побег из Бухенвальда,,,,
0114,Худ.,Доркас Хувер,В ожидании рассвета,"Трагедия и горе семьи Троеров, которые попали в руки террористов в Гватемале",,,
0115,Биогр.,Эрни Холландс,"Пойман, чтобы быть свободным","Биография преступника, ставшего христианином",,,
0116,Худ.,Пегги Буртон,Следуя по Божьему пути,"Размышления, молитвы и стихи",,,
0117,Худ.,,Сошедший с небес,Сборник стихотворений,,,
0118,Худ.,Генрик Сенкевич,Камо Грядеши,"Исторический роман, времен Римской империи, охватывает последние 4 года правления императора Нерона",,,
0119,Худ.,Джон Поллак,Апостол,Литературное изложение истории жизни и служения апостола Павла,,,
0120,Худ.,Кристина Рой,Работник,О жизни словацкого народа,,,
0121,Худ.,Корри тен Боом,Убежище,О жизни евреев в концлагере ,,,
0122,Худ.,Кристина Рой,Без Бога на свете,О сироте Мартынко,,,
0123,Худ.,Кристина Рой,Мечтатели,О пути следования за Христом ,,,
0124,Худ.,Дон Ричардсон,Повелители земли ,"Потрясающая история каменного века, происшедшая в джунглях Ириан Джая",,,
0125,Худ.,Николай Водневский,Под голубым небом,Стихотворения,,,
0126,Худ.,Б. Букин,Под могучим домом,О начале пробуждения к живой вере среди украинского и русского народа,,,
0127,Д и Н,Билли Грэм,Мир с Богом,Книга дает ясные и исчерпывающие ответы на самые насущные жизненные вопросы каждого человека,,,
0128,Худ.,К.М. Стром,Джон Ньютон: Свирепый моряк,"Книга о том, как Бог спас человека, занимающегося работорговлей",,,
0129,Д и Н,Том Уэллс,"Христианин, мужайся!","Книга о жизни христианина и о том, как эта жизнь протекает",,,
0130,Д и Н,Н. Салов-Астахов,Секрет и сила молитвы,"Автор посылает этот труд с горячей молитвой, дабы это свидетельство принесло благословение всем русскоязычным читателям и послужило для славы Божьей.",,,
0131,Толк.,Томас Ватсон,Десять заповедей,"Автор размышляет о декалоге, законе и грехе, а также о пути спасения",,,
0132,Биогр.,Говард и Мэри Тэйлор,Духовный секрет Хадсона Тэйлора,"Биография Х. Тэйлора - миссионера, который во всем полагался на Бога, последовав  Его призыву в Китай проповедовать Евангелие ",,,
0133,К и МР,Петер майер,…Берегитесь чтобы кто не прельстил вас!,Пятидесятническое движение: в прошлом и настоящем; занятие позиции и предупреждение об опасности,,,
0134,М и Р,Стюарт Скотт,Образцовый муж,О роли мужа в семье на основании Библии. Библейский путь к семейному счастью,,,
0135,Д и Н,Макс Лукадо,В деснице благодати,"Автор призывает нас задуматься о вопросах независимости, самодостаточности и умения достигать целей, а затем - понять, что хочет от нас Бог : посвящения Христу, понимания тщетности попыток обрести спасение самостоятельно.",,,
0136,К и МР,Вернер Гитт,А другие религии?,"Все ли религии ошибочны, есть ли среди них правильные, все ли они ведут к одной цели?",,,
0137,К и МР,Джон Ф. Мак-Артур,Харизматики,,,,
0138,К и МР,Джон Ф. Мак-Артур,Харизматики,,,,
0139,К и МР,"Джош Макдауэлл,  Дон Стюарт",Обманщики,"Книга ""Обманщики"" покажет вам истинное лицо скрытых за этой ложной красотой верований: мормонов, свидетелей Иеговы, культов Нового времени и другое",,,
0140,М и Р,Пол Дэвид Трипп,Возраст возможностей,Библейское руководство по воспитанию подростков,,,
0141,Д и Н,Джон Пайпер,Не трать свою жизнь напрасно,"Книга о том, как избежать потраченной впустую жизни. Жизнь проходит напрасно, если мы не принимаем славы креста как высшей степени блаженства и глубочайшего утешения в любой скорби",,,
0142,К и МР,,Истина или заблуждение,"Изучение возникновения и распространения сект ""Свидетелей Иеговы"", ""Адвентистов седьмого дня"", ""Мормонов""",,,
0143,Д и Н,Джон Ф. Мак-Артур,Свобода и сила прощения,"Бог относится к прощению слишком серьезно, чтобы давать нам выбор в этом вопросе. Где прошение, там свобода, духовная сила, душевный покой, общение с Небесным Отцом…",,,
0144,Ист.,,Євангельські християни-баптисти України: історія і сучасність,"Книга знайомить читачів з основними етапами становлення та розвитку євангельських християн-баптистів України, структурою та місією Всеукраїнського союзу об'єднань євангельських християн-баптистів",,,
0145,Худ.,Степка Воробей,Срыв,"В основу повести положены реальные события из жизни отдельных христиан. Цель автора предостеречь читателей от поступков, могущих нанести им душевные раны, а также показать путь исцеления через покаяние перед Богом и доверие Его руководству ",,,
0146,Худ.,,Чем люди живы,Сборник христианских рассказов русских классиков,Том 1,,
0147,Худ.,Ю. С. Грачев,В иродовой бездне,"В книге рассказывается о юности, поисках Бога и тяжелых испытаниях, выпавших на долю Лёвы Смирнского - героя, вобравшего в себя черты самого автора ",Том 1,,
0148,М и Р,Вальтер Тробиш,Я любил девушку,"Произведение, написанное в эпистолярном жанре, которая может помочь другим людям",,,
0149,М и Р,Элизабет Джордж,Мама по сердцу Божьему,"Автор с библейской мудростью предлагает проверенные временем советы, дает ценные идеи, которые помогут вам стать мамой по сердцу Божьему",,,
0150,Худ.,Анджела Хант,Жемчужина,"Книга о том, к чему приводит стремление человека исполнить свое заветное желание",,,
0151,Худ.,Людмила Шторк ,Когда происходят чудеса,Что может быть интереснее человеческой души? С ее вечным стремлением к счастью и непрекращающимися поисками истины. Сильная книга о сильных христианах,,,
0152,Д и Н,Филип Янси,Отголоски иного мира,"Книга повествует о самых лавных вопросах человека, как бы заглядывая на самые окраины материального мира - туда, где он граничит с миром веры",,,
0153,М и Р,Мэри Вуд-Аллен,Что необходимо знать каждой девочке?,Тайна происхождения жизни и продолжение рода человеческого,,,
0154,Худ.,Чарлз Людвиг,Королева реформации,"Вдохновенный биографичный роман о Кати Лютер, жене Мартина Лютера",,,
0155,М и Р,,Библейские принципы семейной жизни,Принципы и советы относительно брачной и семейной жизни,,,
0156,Худ.,Эл и Джоанна Лейсли,Мера благодати,Роман о бегстве девушки на запад навстречу свободе. Но сможет ли она освободить свое сердце?,,,
0157,Худ.,Хесба Стреттон,Карола,"Умело используя возможности жанра евангельской художественной прозы, автор обращает внимание читателей на социальные и моральные проблемы английского общества викторианской эпохи.",,,
0158,М и Р,Джим Берген,"Секс? Ну, и что тут такого?","Книга о том, как устоять перед сексуальным давлением со стороны общества и мира",,,
0159,М и Р,"Джош Макдауэлл, Дик Дей",Как стать героем для своих детей,"План воспитания детей, который позволит Вам стать героем в их глазах. Сочувствие, твердость, последовательность сделают Вас примером для Ваших детей",,,
0160,Худ.,М. А. Мейндерс - Ван Вурден,Женщина с книгой,Книга описывает жизнь и труд английской миссионерки Глэдис Эльверд. Художественный христианский роман.,,,
0161,М и Р,Джойс Хаггет,Дорога любви,"Для тех кто влюблен, думает о более серьезных отношениях или собирается вступить в брак",,,
0162,М и Р,Джош Макдауэлл,Взаимосвязь с отцом,"Десять качеств Вашего сердца, которые дают возможность Вашим детям сделать правильный выбор",,,
0163,Худ.,Людмила Шторк ,Тернистые тропы любви,В книге прослеживается судьба пастора Марка - с юности до самых преклонных лет. Действие происходит в годы репрессий и жестоких гонений на церковь в СССР. Через все это вынуждена пройти его семья,,,
0164,Худ.,Павел Свиридов,Если бы я знал…,"Роман-биография парня, которого Бог неоднократно спасал на скользких путях, но покаяние родилось в его душе лишь в тюрьме, где он отбывает пожизненное заключение за убийство.",,,
0165,М и Р,Росс Кэмпбелл,Как любить своего подростка,"Эта книга поможет родителям понять, как выражать безусловную любовь, что делать, если у подростка депрессия, и как ему помочь в его духовном и интеллектуальном росте",,,
0166,М и Р,Джеймс Добсон,Непослушный ребенок,"Практическое руководство ""для тех родителей, которые, может быть, без всякого плана и без всякой попытки заглянуть вперед мечутся перед лицом возникающих трудностей""",,,
0167,М и Р,Гин Карсен,"Женщина, жена и мать",Книга о роли и предназначении женщины в Священном Писании,,,
0168,М и Р,Вольфганг Бюне,Может ли любовь быть грехом?,"Дружба, любовь, сексуальные отношения и следование за Христом",,,
0169,М и Р,Чарльз У. Шедд,Письма Карен,"О супружеской любви, об основах счастливого брака, а также о том, что может разрушить его",,,
0170,Д и Н,Филип Янси,В поисках невидимого Бога,"Автор утверждает: чем более личностен для человека Бог, тем ближе к сердцу он принимает все, что с Богом связано.",,,
0171,М и Р,Элизабет Джордж,Возлюби Бога всем разумом твоим,"Истина, которая содержится в нескольких юиюлейских отрывках, на которых построена эта книга, может изменить вашу жизнь, как она изменила жизнь автора",,,
0172,Д и Н,Элизабет Джордж,Прекрасная в Божьих глазах,"Сокровища женщины из Книги притчей Соломоновых, главы 31",,,
0173,Биогр.,Тамара и Виктор Резниковы,Помилованные,"История жизни и обращения к Богу семьи Резниковых настолько насыщена и необычна, что ее хватило бы на сценарии нескольких фильмов.",,,
0174,Худ.,Тамара  Резникова,Майя,"Молодая героиня прошла суровую школу жизни детдома, потеряла близких людей, все глубже погружалась она в пучину греха, пока в ее жизнь не вошел Христос.",,,
0175,Худ.,Тамара Резникова,Освобождение,"Сборник христианских стихов, рассказов и повестей",,,
0176,Худ.,Питер де Бруйне,Сибирское чудо,Рассказы о смелости христиан из Чугуевки,,,
0177,Д и Н,Джон Пайпер,Видя и наслаждаясь Иисусом Христом,"Эта книга написана для того, чтобы вы увидели Иисуса как свое сокровище и получили от этого ни с чем не сравнимое наслаждение",,,
0178,Худ.,Людмила Шторк ,Разгул страстей или дорога к счастью?,"Книга о том, как с Бог может поднять человека с самого дна к благословенной жизни во Христе.",,,
0179,Д и Н,Джон Чарльз Райл,Практическая религия,Книга отвечает на практические вопросы повседневной жизни христианина,,,
0180,М и Р,Тед Трипп,Как быть пастырем своего ребенка,"Книга показывает методику наставления ребенка в соответствии с библейским учением. Автор предлагает родителям реальную, надежную, основанную на Библии помощь.",,,
0181,Д и Н,Джей Адамс,Учебник по христианскому душепопечению,Практика вразумляющего душепопечения,,,
0182,М и Р,Элизабет Джордж,Девушка в молитве,Книга поможет открыть радость близкого общения с Богом и развить привычку к деятельной и полноценной молитвенной жизни,,,
0183,Д и Н,Ч. Г. Сперджен,Лекции моим студентам,Книга содержит мудрые советы по всем аспектам подготовки к проповеди,,,
0184,Худ.,"Издательство ""GBV""",Дорога ввысь,"""Корабль,терпящий бедствие"",""Одинокие в Лондоне"", ""Миссия Бесси"", ""Ганс Коль"".",Том 1,,
0185,Худ.,"Издательство ""GBV""",Дорога ввысь,"""Маяк на Колокольной скале"", ""Военачальник маленькой Лизхен"".", Том 2,,
0186,Худ.,"Издательство ""GBV""",Дорога ввысь,"""Золото"", ""Тун, бродяга"".",Том 3,,
0187,Худ.,"Издательство ""GBV""",Дорога ввысь,"""Око за око"", ""Собственные пути"", ""Да, я счастлива"".",Том 4 ,,
0188,Худ.,"Издательство ""GBV""",Дорога ввысь,"""Поездка во время каникул"",""Джузеппе"", ""По ту сторону моста"".",Том 5,,
0189,Худ.,"Издательство ""GBV""",Дорога ввысь,"""Побежденный"", ""Пути Господни"", ""Летучая Мышь"", ""Крестьянин из Вайденкофа"".",Том 6,,
0190,Худ.,"Издательство ""GBV""",Дорога ввысь,"""Грозные годы"", ""Отдав себя в руки любимому Богу"", ""Найденыш из Фенландии"", ""Искушение"".",Том 7,,
0191,Толк.,Тревор Маклуейн,Библейские основы,Пособие по изучению Библии,,,
0192,Толк.,Э. Шнепель,Иисус Христос - Конец религии,Толкование 7-ой главы послания к Римлянам,,,
0193,Д и Н,Ч. Г. Сперджен,Восхвалите Господа,"Автор учит, что молитва христианина должна быть преисполнена благодарности. Он наставляет читателей, как в молитве прославлять Бога",,,
0194,Б и П,Ч. Г. Сперджен,Благодатью Вы спасены,Проповедь  Ч. Г. Сперджена,,,
0195,Д и Н,Ч. Г. Сперджен,Под сенью Всемогущего,Автор раскрывает суть прочных и близких взаимоотношений со Христом,,,
0196,Толк.,Гарри Дуздаль,Гомилетка Апостола Павла,"Описание принципов проповеди апостола Павла, применение их в современных условиях",,,
0197,Толк.,Доктор Вернер де Боор,Послание к Римлянам,Комментарии к посланию к Римлянам,,,
0198,Толк.,Фредерик Брюс,Документы Нового завета: достоверны ли они?,Достоверность Нового завета с точки зрения истории и теологии,,,
0199,М и Р,Джим Джордж,Муж по сердцу Божьему,"Автор рассматривает 12 библейских принципов, которые приводят в порядок нашу супружескую жизнь",,,
0200,Д и Н,Джерри Бриджес,Дисциплина благодати,О Божьей и нашей роли в стремлении к святости,,,
0201,Толк.,Артур В. Пинк,Толкование Священного Писания,Тридцать принципов толкования Библии,,,
0202,Толк.,Э. Эби,Краткое введение в Библию,Введение в книги Ветхого и Нового заветов,,,
0203,Д и Н,Мэтью Мид,Обнаружен почти христианин,"Мид бросает вызов неискренним верующим, ищущим только благ от Христа. Те же, кто жаждет углубить свои отношения с Христом, найдут в этой книге много полезного",,,
0204,Толк.,Боб Джордж,Классическое христианство в примерах,"Примеры из жизни христиан, жизнь которых изменил Господь",,,
0205,Худ.,Лаэль Аррингтон,Путешествие Пилигрима сегодня,Современный пересказ одноименного классического произведения Дж. Буньяна,,,
0206,Худ.,Ф. В. Фаррар,Возвращение. История одной судьбы,Печальная  и поучительная история жизни Эрика Уильямса.,,,
0207,Д и Н,Филип Янси,Дневник благодати,Подборка для ежедневного чтения из 366 фрагментов различных произведений автора,,,
0208,Худ.,Вера Кушнир,Стихи как стихи,Поэтические произведения известной христианской писательницы и поэтессы Веры Кушнир,,,
0209,Худ.,Вера Кушнир,Строчки на белом листе,Поэтические произведения известной христианской писательницы и поэтессы Веры Кушнир,,,
0210,Худ.,Николай Водневский,Вчера и сегодня: жизнь - как она есть,Художественные и автобиографические очерки,,,
0211,Д и Н,Уильям С. Пламер,Жизненное благочестие,"Прекрасное практическое руководство для тех, кто желает, чтобы Слово Божье преображало их жизнь",,,
0212,Д и Н,Ричард Сиббс,Трость надломленная и лён курящийся,"Размышляя над пророческими словами Исайи о Месии, автор обращает внимание на то, что каким бы слабым христианин ни был, Христос не угасит даже слабо горящей искры веры в душе верующего.",,,
0213,Д и Н,Хью Биннинг,Трактат о христианской любви,Данный труд шотландского пастора Х. Биннинга посвящен размышлениям о христианской любви,,,
0214,Д и Н,Чарльз Колсон и Гарольд Фикетт,Вера,"Во что верят христиане, почему они верят в это, и почему это важно",,,
0215,Биогр.,Дейвид Фаунтин,Лорд Редсток и духовное пробуждение в России,"Книга об удивительном человеке и христианине, потомке известного древнего английского рода, внесшего огромный вклад в дело распространения Евангелия в дореволюционном Петербурге",,,
0216,Д и Н,Эвелин Кристенсон,Обретения через потери,"Откройте для себя, как смерть, разлука, развод, болезни, страдания и финансовые неудачи могут быть использованы Богом для того, чтобы сделать вас духовно богаче.",,,
0217,Ист.,В. Новомирова,Гиксосы,"Гиксосы - прозвище, которое дали египтяне потомкам Иосифа. Оно означает правители-пастухи. О них и пойдет речь в данной книге",,,
0218,Толк.,Р.Пакссон,Жизнь в Духе,Духовная жизнь Христианина,,,
0219,Д и Н,Томас Уатсон,Всё содействует ко благу,"Автор объясняет, что и радостный, и печальный опыт служит ко благу народа Божьего ",,,
0220,Д и Н,Ричард Л. Пратт,Пленяем всякое помышление,"Книга   учит отвечать на вопросы неверующих, ""Пленяя всякое помышление в послушание Христу"". Пратт показывает, как апологетика обусловлена учением Библии о человеке и его отношениях с Творцом.",,,
0221,Толк.,Рис Брайант,Крещение: что ты медлишь?,Взаимосвязь между крещением и обращением. Подлинный смысл крещения,,,
0222,Б и П,Ч. Х. Сперджен,Истинная пища и истинное питие,Проповеди Сперджена,Том 1,,
0223,Д и Н,"Дэвид Гудинг, Джон Леннокс",Ключевые понятия Библии,"Дается объяснение специальных терминов, используемых в Библии для определения основных понятий",,,
0224,Б и П,Ч. Х. Сперджен,Доказательство любви,Проповеди Сперджена,Том 2,,
0225,Б и П,Ч. Х. Сперджен,Ожидающая церковь,Проповеди Сперджена,Том 3,,
0226,Б и П,Ч. Х. Сперджен,Человекам это невозможно,Проповеди Сперджена,Том 4 ,,
0227,Д и Н,Ричард Пратт,Он дал нам прообразы,"Автор предлагает руководство для подготовки, исследования и применения ветхозаветных историй в современном мире",,,
0228,Б и П,Ч. Х. Сперджен,Возрастание в благодати,Проповеди Сперджена,Том 6 ,,
0229,Д и Н,Т. Лэйн и Пол Трипп,Как изменяются люди,"В этой книге четко разъясняется библейская модель перемен, которую вы можете применять в своей повседневной жизни.",,,
0230,Д и Н,Р. М. Макчин,Источники спасения,Проповеди и лекции шотландского проповедника Р. Макчина (1813-1843),,,
0231,Д и Н,Эрвин Люцер,Победа над смертью,"В этой книге вы найдете ответы на многие непростые вопросы, постигая славную истину о том, что благодаря Иисусу смерть умерла навсегда",,,
0232,Биогр.,Андреас Патц,Искренне ваш…,Интервью с известными в христианском мире людьми,,,
0233,Худ.,Джанет Оак,"Любовь растет, как дерево",История о потерях и обретениях; об умении преодолевать трудности и искусстве строить отношения; о стремлении человека к любви,,,
0234,Худ.,Джанет Оак,Любовь никогда не перестает,"История семьи Дэвис на западных землях Северной Америки, осваиваемых переселенцами в начале XIX в",,,
0235,Д и Н,Эрвин Люцер,"Кто ты, чтобы судить? ","Книга о том, как отличать библейское христианство от фальшивой духовности и ценностей сегодняшнего мира",,,
0236,Д и Н,Филип Янси,Молитва,Автор отвечает на непростой вопрос: способна ли молитва изменить жизнь?,,,
0237,Д и Н,Макс Лукадо,Он всё ещё двигает камни,"Бог готов сделать в нашей жизни то, на что мы сами не способны: отвалить тяжелый камень, за которым скрывается чудо.",,,
0238,Б и П,Ч. Х. Сперджен,Взгляд на Иисуса,Проповеди Сперджена,Том 5,,
0239,Биогр.,Эдвин и Лиллиан Харви,Они знали своего Бога,"В этом томе представлены биограф. повествования о Ф. и М. Генри, Ф. и К. Гарретсоне, Д.Госнере, лорде Рэдстоке и др.",Часть 4,,
0240,Худ.,Джанет Оак,У любви легкая поступь,"История семьи Дэвис на западных землях Северной Америки, осваиваемых переселенцами в начале XIX в",,,
0241,Худ.,Джанет Оак,"Любовь, созидающая дом","История семьи Дэвис на западных землях Северной Америки, осваиваемых переселенцами в начале XIX в",,,
0242,Биогр.,И. С. Проханов,В котле России,Автобиография с изложением главных фактов движения Евангельских христиан в России,,,
0243,Биогр.,Шерон Джеймс,Мое сердце в Его руках,Дерзновенное служение Энн Джадсон в Бирме.,,,
0244,М и Р,Мэтью Генри,Молодые христиане,"Ссылаясь на Послание ап. Павла к Титу, автор преподает уроки христианской жизни молодому поколению",,,
0245,Худ.,М.Е.R.,Мэри Джонс и ее Библия,"История о бедной девушке из Уэльса, которая босиком пеодолела 25 миль, чтобы купить Библию, на приобретение которой несколько лет копила деньги",,,
0246,Толк., Мартин Ллойд- Джонс ,Нагорная проповедь,,Том 1,,
0247,М и Р,"Джош Макдауэлл, Кевин Джонсон",Божья воля - это лучшее для твоей жизни,"Авторы объясняют, что Бог не только хочет, чтобы ты достиг целей, но у Него есть конкретный план, как это осуществить.",,,
0248,Толк.,Джон Ф. Мак-Артур младший,Толкование послания к Ефесянам ,,,,
0249,Д и Н,Ричард Стернс,Дыра в нашем евангелии,"Статус христианина требует не только личных взаимоотношений с Богом, но и влечет за собой публичные и преображающие взаимоотношения с этим миром",,,
0250,Ист.,Брат Андрей,Божий контрабандист,"История основателя миссии ""Открытые двери""",,,
0251,Д и Н,Эрвин Люцер,По обе стороны обиды: Преодолевая барьеры на пути к примирению,"На примерах  библейских героев автор показывает, как Бог смотрит на обидчика и его жертву",,,
0252,Д и Н,Алексей Прокопенко,Библейское покаяние. Псалом 50,На примере Псалма 50 рассматривается вопрос об истинном покаянии,,,
0253,Худ.,Джанет Оак,Расцветающая мечта любви,"История семьи Дэвис на западных землях Северной Америки, осваиваемых переселенцами в начале XIX в",,,
0254,Худ.,Джанет Оак,Вечное наследство любви,"История семьи Дэвис на западных землях Северной Америки, осваиваемых переселенцами в начале XIX в",,,
0255,Биогр.,Эрик Метаксас,Дитрих Бонхёффер. Праведник мира против Третьего Рейха,"Биография Бонхёффера, казненного на участие в заговоре против Гитлера",,,
0256,Ист.,Софья Ливен,Духовное пробуждение в России,,,,
0257,Д и Н,В. М. Журавлёв,"Велика верность Твоя, Господи",Свидетельства о чудных делах и благословениях Божьих,,,
0258,Ист.,Э. Ренанъ,Жизнь Иисуса,Историческое описание жизни Иисуса Христа,Старославянский язык,,
0259,Д и Н,Эдгар Эндрюс,Все из ничего. Креационизм и эволюция,Ответы на вопросы о теории эволюции с точки зрения науки и Библии,,,
0260,Ист.,,Как возникла Библия…,История возникновения Библии от глиняных табличек до современой печати.,,,
0261,М и Р,Гари Чепмен,Четыре сезона брака,"Книга помогает определить, в каком времени года вы живете, и дает практические советы по укреплению брака",,,
0262,Ист.,"А.В. Карев, К.В. Сомов",История христианства с I по XII век.,,,,
0263,М и Р,Джон Мак-Артур,Полноценная семья: Божий замысел для вашей семьи,"Книга поможет вам понять и исполнить свою роль в семье: роль мужа или жены, отца или матери.",,,
0264,Ист.,,История евангельских христиан-баптистов в СССР,"Возникновение и жизнь ЕХБ Церквей, национальные братства и деноминации союза ",,,
0265,Ист.,,Как возникла Библия…,История возникновения Библии от глиняных табличек до современой печати.,,,
0266,М и Р,Джон Пайпер,Этот преходящий брак,Книга раскрывает библейское учение о браке.,,,
0267,Худ.,Виталий Полозов,На круги своя,Сборник повестей и рассказов автора на христианские темы.,,,
0268,К и МР,Вольфганг Бюне,Игра с огнем,Исторический очерк  харизматического движения,,,
0269,Д и Н,Чарльз М. Шелдон,"По Его стопам, или Как поступил бы Иисус","Книга написана по мотивам проповедей и стала манифестом так называемого ""социального"" Евангелия.",,,
0270,М и Р,Харольд Дж. Сейла,Радость одиночества в окружении супружеских пар,"Книга рекомендована в качестве пособия по христианскому душепопечительству и  читателям, проявляющим интерес к теме безбрачия.",,,
0271,Биогр.,Иоанн Марк,История моей жизни,"Биография человека, посвятившего себя от ранней     юности до глубокой старости благовестию Евангелия. Он прошел через горнило Великих испытаний и остался верен своему Спасителю до последнего дыхания",,,
0272,Биогр.,Иоанн Марк,История моей жизни,"Биография человека, посвятившего себя от ранней     юности до глубокой старости благовестию Евангелия. Он прошел через горнило Великих испытаний и остался верен своему Спасителю до последнего дыхания",,,
0273,Биогр.,"Мерф-серф,    Джек Роланд Мерфи","Сокровище, взятое с собой в путь ","История собственной жизни на дне общества, написанное самим Мерфи. 21 год в тюрме особо строгого режима. История о том, как удалось там выжить - в обществе преступника,наркоманов и живых мертвецов",,,
0274,Биогр.,Стефан Фольке ,До дна,Алкоголь: судьбы людские,,,
0275,Биогр.,"Юлія Крюденер, Анна Ліон",Євангелист Іван Онищенко,Биография першого баптиста на Україні,,,
0276,Биогр.,Ширинай Досова,Моя вечная весна,"Жизнь и служение миссионерки - женщины, родившийся в мусульманской семье и выросшей в Средней Азии, которая приняла Христа и смело благоветсвует на Арбате и вокзалах Москвы",,,
0277,Д и Н,Михаил и Надежда Телеповы,Есть только миг,Размышления над книгой Екклесиаста в контексте современной жизни,,,
0278,Биогр.,Джон Уэсли,Первые плоды Духа,Краткая биография. Три проповеди,,,
0279,Биогр.,Пастор Ричард Вурмбранд,Страждання за Христа,Неймовірні страждання пастора протягом 14 років у румунській в'язниці за часів комуністичного режиму,,,
0280,Биогр.,"Издательство ""Lebensquelle"" e.V.",День спасения,Сборник свидетельств об обращении к Богу,,,
0281,Биогр.,Вера Шельпякова,"Не бойся, только веруй!",О жизни волжских молокан в конце прошлого столетия,Том 1,,
0282,Биогр.,Артур Катц,Взятый Богом в удел,Дневник еврейского атеиста,,,
0283,Д и Н,Джош Макдауэлл,Код да Винчи: поиск ответов,"Где факты, а где вымысел в книге Дэна Брауна ""Код да Винчи"". Автор предоставляет блестящие доказательства и компетентно отделяет факты от заблуждений, предлагая неоспоримые истины, которым можно доверять.",,,
0284,Д и Н,Рик Уоррен,Целеустремленная жизнь,"Книга поможет вам узнать ради чего вы живете, и увидеть удивительный Божий замысел для вашей жизни. Рик Уоррен приглашает вас в сорокадневное духовное путешествие, которое поможет вам найти истинный ответ на самый важный вопрос:""Зачем я здесь?"" ",,,
0285,Д и Н,Рик Уоррен,Целеустремленная жизнь,"Книга помжет вам узнать ради чего вы живете, и увидеть удивительный Божий замысел для вашей жизни. Рик Уоррен приглашает вас в сорокадневное духовное путешествие, которое поможет вам найти истинный ответ на самый важный вопрос:""Зачем я здесь?"" ",,,
286,Д и Н,Чарльз Стэнли,Источник моей силы.,"Эта книга предлагает надежду тем, кто пал духом и тащит за собой по жизни бремя эмоций. Автор излагает библлейские принципы, которые помогут вам: -победить боль, незащищенность, одиночество и отчуждение  -противостоять болезненным воспоминаниям прошлого -понять каким образом бремя эмоций ограничивает и определяет принимаемые нами решения и др.",,,
0287,Б и П,С примечаниями доктора П.М. Мастерса,Баптистское вероисповедание 1689 г.,"Тридцать две статьи христианской веры и практики. Документ, который является обобщением того,во что мы верим.",,,
0288,Толк.,Чарльз Бриджес,Толкование Книги Притч Соломона,Руководство для мудрого поведения во всех человеческих взаимоотношениях,,,
0289,Ист.,С.В. Санников,Готовимся к крещению,"Беседы для тех, кто собирается принять крещение. Они дают общее представление об основах веры и учат практической христианской жизни",,,
0290,Д и Н,Ларри Беркетт,Жизнь без долгов,Как выбраться из долгов и больше не попадать в них,,,
0291,Б и П,Джош Макдауелл,Свидетельство достоверности Библии,"В книге рассказывается о новых археологических открытиях и приводятся свидетельства истинности христианства, обнаруженные за последние двадцать лет.",,,
0292,М и Р,Марк Дрисколл,Порнообращенный христианин,Откровенный разговор о порнографии и мастурбации,,,
0293,Д и Н,А.Б.Симпсон,Ключ к молитве,"Изложение основ христианской молитвы (молитва Господня, молитва веры, препятствия в молитве).",,,
0294,Д и Н,А.Б.Симпсон,Четыре грани Евангелия,"Четыре ведущие мысли, объединяющие все благословения, предлагаемые нам Христом. Христос - наш Спаситель, Освятитель, Исцелитель, грядущий Царь. ",,,
0295,Б и П,Рене Паш,Второе пришествие Иисуса Христа,"Исследования пророчеств о грядущих событиях. Восхищение Церкви, бедствия, грядущие на всю вселенную, востановление Израиля, период тысячелетнего Царства, окончательный суд над народами.",,,
0296,Д и Н,"Дж. С. Маклин, Роджер Окленд, Ларри Маклин.",Очевидность сотворения мира. Происхождение планеты Земля.,"На основе данных палеонтологии, геологии, археологии, биологии, астрономии и др. наук показана научная, историческая и пророческая точность библейских текстов.",,,
0297,К и МР,Марвин Кован,В ответ на заявление мормонов.,"Основные утверждения мормонов в свете исторических документов, научных фактов, Библии и основопологающих мормонских источников.",,,
0298,К и МР,К. Харинк ,Харизматическое движенин,"От Бога ли пятидесятническое и харизматическое движение. Что такое крещение Святым Духом, пророческий дар и дар языков, каково их значение в церкви.",,,
0299,К и МР,Бенедикт Петерс,"Знамения, чудеса и собрание сочинений о молитве.","Значения знамений и чудес в прошлом, настоящем и будущем. Всегда ли Бог слышит наши молитвы.",,,
0300,Д и Н,Грег Лукас,"Борьба с ангелом: Рассказ о любви, тяжелом недуге и уроках благодати","Автор делится своей историей воспитания сына-инвалида и уроками, преподанными ему благодатью Бога.",,,
0301,Д и Н,Джон Оуэн,Святой Дух ,"Цель автора - опровержение представления, что каждый, кто захочет, может жить христианской жизнью, а также исследование влияния истины на совесть, измененную Божьей благодатью и испытанную Словом Божьим",,,
0302,Худ.,Наталья Гурмеза,Купи мне маму,Сборник рассказов,,,
0303,Д и Н,Джерри Бриджес,Терпимые грехи,"Автор рассматривает грехи, которые стали ""допустимыми"" и потому привычными в жизни верующих ",,,
0304,Б и П,Джош Мак-Дауэлл,Не просто плотник,Научные доказательства христианских доктрин ,,,
0305,Д и Н,Каролин Махейни,Обаяние женственности,"Автор показывает, что с проблемами можно справиться при помощи Божьего Слова",,,
0306,Б и П,Клайв С. Льюис,Просто христианство. Бог под судом,"Христианское поведение. Во что верят христиане? Добро и зло, как ключ к пониманию Вселенной. Христианство и культура",,,
0307,Худ.,Джанет Оак,Любовь набирает силу,"История семьи Дэвис на западных землях Северной Америки, осваиваемых переселенцами в начале XIX в",,,
0308,Худ.,Джанет Оак,Любовь приходит домой,"История семьи Дэвис на западных землях Северной Америки, осваиваемых переселенцами в начале XIX в",,,
0309,Д и Н,Макс Лукадо,Божья повесть - твоя повесть,"Автор наглядно показывает, как полотно нашей судьбы пересекается с Божьим Словом",,,
0310,Д и Н,Мартин Лютер,Рождены рабами,,,,
0311,Д и Н,"Билл Хайбелс, Марк Миттельберг","""Заразительное"" христианство",,,,
0312,М и Р,Джон Мак-Артур,Хранимые в Божьих руках. Что говорит Библия о смерти детей?,"Книга принесет утешение тем, кто испытывает самую горькую утрату",,,
0313,Б и П,Генри Моррис,Сотворение мира: научный подход,Научные доказательства теории сотворения мира ,,,
0314,Д и Н,Джон Мак-Артур,Найдена: Божья воля,Шесть принципов познания Божьей воли,,,
0315,Б и П,Платон Харчлаа,Библия и наука ,Бог и творение во свете Библии и науки,Апологетический сборник,,
0316,Д и Н,Джей Адамс,"Прощены, чтобы прощать","Автор рассматривает, что говорит Библия о прощении и как это применяется на практике",,,
0317,Б и П,Джеймс Пакер,Познать Бога,Изучение характера и природы Бога,,,
0318,Д и Н,Джерри Бриджес,Евангелие для настоящей жизни,"Ключ к решению наших проблем - в большей полное уразуметь удивительное дело Христово, совершенное на кресте",,,
0319,Д и Н,Джерри Бриджес,Евангелие для настоящей жизни,"Ключ к решению наших проблем - в большей полное уразуметь удивительное дело Христово, совершенное на кресте",,,
0320,Д и Н,Вильгельм Буш,Иисус - наша судьба,"Благовестие для людей, проповедь Евангелия",,,
0321,Д и Н,Филип Янси,"Почему? Вопрос, который остается всегда","Книга обращается к тем, кто несет бремя страданий, чья вера пошатнулась, кто испытал разочарование, но пытается найти смысл в том, что происходит",,,
0322,Б и П,Вернер Бергманн,Жертвы ,Какой духовный смысл вкладывал Господь в выполняемые видимые действия службы жертв и ветхозаветных праздников,,,
0323,Худ.,Андрей Везиков,Молодо-зелено,"Повесть адресована прежде всего подросткам. Опора в жизни - истина, возвещенная в Евангелии",,,
0324,Худ.,Андрей Везиков,Молодо-зелено 2,"Повесть адресована прежде всего подросткам. Опора в жизни - истина, возвещенная в Евангелии",,,
0325,Худ.,Андрей Везиков,Молодо-зелено 3,"Повесть адресована прежде всего подросткам. Опора в жизни - истина, возвещенная в Евангелии",,,
0326,Худ.,Андрей Везиков,Молодо-зелено 4,"Повесть адресована прежде всего подросткам. Опора в жизни - истина, возвещенная в Евангелии",,,
0327,Б и П,Клайв С. Льюис,Просто христианство,"Христианское поведение. Во что верят христиане? Добро и зло, как ключ к пониманию Вселенной. Христианство и культура",,,
0328,Б и П,Клайв С. Льюис,Просто христианство,"Христианское поведение. Во что верят христиане? Добро и зло, как ключ к пониманию Вселенной. Христианство и культура",,,
0329,Д и Н,Пол Трипп,Орудия благодати в руках Искупителя,"Следуя примеру Иисуса Христа, автор объясняет нам, что означает хорошо знать человека и как мы должны возглашать истину с любовью",,,
0330,Д и Н,Алексей Коломийцев,Драгоценный Христос,"Как бы много вы ни знали о Боге и о религии, эта книга навсегда перевернет ваше представление о Христе и о том, что Он сделал для вас",,,
0331,Биогр.,Ян Ауке Брандсма,Менно Симонс из Витмарзума,Биография реформатора 16-го столетия,,,
0332,Б и П,Джим Петерсен,Евангелизм как образ жизни,Новый взгляд на традиционную евангелизацию,,,
0333,М и Р,Джон Пейсти,Чтобы семья была крепкой,"Данную книгу характеризуют широкий диапазон тем, конкретность, откровенность, удивительное сочетание глубины содержания и простоты изложения основных библейских принципов",,,
0334,Д и Н,Мартин Ллойд-Джонс,Духовная депрессия,Причины возникновения депрессии и способы избавления от нее,,,
0335,Д и Н,Грегори Р. Фриззелл,Как развивать эффективную молитвенную жизнь,"Вы познакомитесь со всеми элементами молитвы, которая будет развивать ваши отношения с Богом и наполнять вас силой",,,
0336,Д и Н,Фрэнсис Шеффер,"Он здесь, и Он не молчит","В книге рассматриваются проблемы, порожденные нехристианскими представлениями человека о мире о самом себе",,,
0337,М и Род,Эвелин Кристенсон,"Что происходит, когда женщины молятся","Условие получения Божьего ответа на нашу просьбу, содержание молитвы, ее результаты и развитие молитвенного служения.",,,
0338,Худ.,Герман Гартфельд,Ирина,"Захватывающая история о людях, живущих радостью и печалью, о триумфе и гонениях, героизме и жертвенности. ",,,
0339,Худ.,Анатолий Власов,Разные разности,"Наряду со стремлением к небесному не остается без внимания и окружающее земное, но что у автора свои взгляды",,,
0340,М и Род,Джеймс Добсон,Любовь на всю жизнь,"Реальная семейная жизнь порой сильно отличается от наших мечтаний. В это время важно помнить, что Богу под силу сохранить наше семейное счастье на всю жизнь",,,
0341,Худ.,Николай Рахуба,Хранимый Божьей милостью,"Книга рассказывает о действии Бога в жизни юноши, попавшего в сложные ситуации военного времени.",,,
0342, Б и П,Эрих Зауер,На заре искупления мира,Основы библейского откровения,,,
0343,Д и Н,Джон Пайпер,Зло торжествует и проигрывает,"Книга о том, как Бог использует зло в достижении победы над злом",,,
0344,Б и П,Чарльз Сперджен,12 проповедей об освящении,Проповеди знаменитого проповедника,,,
0345,Д и Н,Пол Бенвер,Как понимать пророчества о конце времен: Комплексный подход,"В книге рассматриваются противоречивые мнения, связанные с темой пророчества, приводятся библейские данные",,,
0346,Б и П,Иаков Козлов,Вопросы и ответы,"Ответы на вопросы, взятые из писем радиослушателей - как грех вошёл в мир, что такое искушение, какое значение имеет молитва в жизни Христиан",,,
0347,Д и Н,Пол Дэвид Трипп,Опасное призвание,Автор предлагает четкую стратегию в важнейшей борьбе за здоровье церкви,,,
0348,Б и П,Вильгельм Буш,Приди домой,Проповедь о блудном сыне,,,
0349,Худ.,"Издательство ""GBV""",Дорога ввысь,"""На службе великого герцога"", ""Победа веры"".",Том 8,,
0350,Худ.,"Издательство ""GBV""",Дорога ввысь,"""Кораблекрушение"", ""Все-с Богом!"", ""Прости нам грехи наши"", ""Сын художника"", ""Мир после вражды"".",Том 9,,
0351,К и МР,А.Зайбель,Сладостное обольщение церкви,попытки исцеления основанные не на Библии,,,
0352,Худ.,"Издательство ""GBV""",Дорога ввысь,"""Свет во мраке"", ""Опасность Закройте шлюз!"", ""Солнышко на хуторе"".     ",Том 10,,
0353,Ист.,Н.И.Салов-Астахов,палаточная миссия,исторический очерк начала 20-го века,,,
0354,Д и Н,Ли Стробел,Христос под следствием,журналистское расследование дела Христа,,,
0355,Худ.,"Издательство ""GBV""",Дорога ввысь,"""Ради венца"", ""Возвращение на родину"", ""Потерянная банкнота"".",Том 11,,
0356,Худ.,"Издательство ""GBV""",Дорога ввысь,"""Песочные часы"", ""Близнецы из Веттерхофа"".",Том 12,,
0357,Худ.,"Издательство ""GBV""",Дорога ввысь,"""Царская дочь"", ""Пастушок"".",Том 13,,
0358,Худ.,"Издательство ""GBV""",Дорога ввысь,"""Совиное гнездо"", ""Бродячие певцы"".",Том 14,,
0359,Худ.,"Издательство ""GBV""",Дорога ввысь,"""Певунья доктора Лютера"", ""Деревенский учитель"", ""За веру и отечество"".",Том 15,,
0360,Д и Н,Джон Кросс,Путник на дороге в Эммаус,"Книга расскрывает основное содержание Библии. Автор выстраивает библейские события в едином повествовании, рассматривая их с точки зрения людей, которые были действующими лицами или непосредственными свидетелями истории",,,
0361,Б и П,Рене Паш,Святой Дух. Его сущность и действие.,Библейское учение о Духе Святом.,,,
0362,Б и П,Чарльз Райри,Основы богословия,Разумное истолкование христианской веры. Изложение истины о Боге на основании Слова Божьего.,,,
0363,М и Род,Джон Пейсти,Чтобы семья была крепкой,"Данную книгу характеризуют широкий диапазон тем, конкретность, откровенность, удивительное сочетание глубины содержания и простоты изложения основных библейских принципов",,,
0364,Д и Н,Анна Грэм-Лотц,Видение Его славы,"Книга дает ответы на вопросы: -Есть ли надежда на будущее, когда жизнь неимоверно тяжела чтобы выносить ее…                           -Когда с хорошими людьми случаются плохие вещи; -Когда сатана одерживает верх; -Когда все выходит из-под контроля                                           ",,,
0365,Д и Н,Билл Брайт,Передаваемые понятия,"Как испытать Божью любовь и прощение, как стать плодотворным свидетелем, как любить верой, как испытать радость от пожертвования и др.",,,
0366,Худ.,Евгения Кобзарь,"Искры, летящие вверх.","Повести. Истории о вере людей, побеждающей самые тяжелые обстоятельства. Свидетельства о том, как действует Бог в жизнях людей, преданных Ему.",,,
0367,Ист.,Володимир Домашовець,Український євангельсько-баптистський рух в його 150-річний ювілей.,Історія Баптистського Руху за період 1852 - 2002 років.,,,
0368,Б и П,Роберт Т. Бойд,Курганы. Гробницы. Сокровища.,Иллюстрированное введение в библейскую археологию.,,,
0369,М и Род,Эвелин Кристенсон,"Что происходит, когда женщины молятся.","Условие получения Божьего ответа на нашу просьбу, содержание молитвы, ее результаты и развитие молитвенного служения.",,,
0370,Д и Н,Рон Путнам ,Путь к восстановлению,"Что значит жить духовной жизнью и как это сделать. Осознание необходимости в Боге, познание Бога",,,
0371,Худ.,"Издательство ""GBV""",Дорога ввысь,"""Швея из Щецина"",""Дубок"".                                               Швея была между знакомыми ей людьми, как свеча от которой зажигали свои тлеющие фитили уставшие сердца.                                                 Прекрасное дерево помоло нищему мальчику найти свою семью ",Том 16,,
0372,Худ.,Павел Сильчев,Цена спокойной жизни,"Творческий дебют молодого автора. Рассказ содержит частичку его биографии, его размышлений над жизнью, его опыта становления как личности.",,,
0373,Худ.,Линда Чайкин,Акушерка из Санкт-Петербурга,"Насышенная историческими деталями история о любви, опасности и Божьей верности",,,
0374,Худ.,Герман Гартфельд,Любовь сильнее красного террора,"История девушки, бесстрашного лидера ЕХБ в России. Чрезвычайно необходимые сведения про самую последнюю и наиболее тонкую стратегию коммунистов  по уничтожению христианства.",,,
0375,Худ.,Вальтер Шнайдер,Кто сильнее,Рассказ о молодых миссионерах с Лабрадора.,,,
0376,Худ.,Кристина Рой,В изгнании,"Анна, находясь в изгнании, попадает на работу к мельнику. Несет благую весть для всего села Зарошья и раскрывает тайну помошника мельника.",,,
0377,Худ.,К.М. Стром,Джон Ньютон: Свирепый моряк,"Книга о том, как Бог спас человека, занимающегося работорговлей",,,
0378,Худ.,Мирна Грант,Ваня,Документальная повесть о гибели в армии бывшего Советского Союза верующего солдата Ивана Моисеева.,,,
0379,Д и Н,Чарлз Стенли,Страдания во благо,"Автор показывает, что Бог сокрушает нас, допуская трудные времена, чтобы привести нас к духовной зрелости, более тесному общению с Собой, более эффективному служению",,,
0380,Д и Н,Чарльз Стенли,Как преодолевать трудности,"Если вы дитя Бога, чье сердце жаждет увидеть, как Бог прославляется через вашу жизнь, - трудности не сокрушат вас",,,
0381,Д и Н,Чарльз Стэнли,Дар любви,"Книга будет способствовать тому, чтобы Божья любовь в полной мере засияла в ваших сердцах",,,
0382,Биогр.,Тасс Саада,Снайпер Арафата,"Книга палестинского беженца, члена ООП, который перешел в христианство",,,
0383,М и Р,Джон Ортберг,Несовершенные люди,"Прочитав книгу, вы обретете мудрость и средства сближения с людьми ",,,
0384,Д и Н,Жан Кальвин,Наставление в христианской вере. Том 1-2,,,,
0385,Д и Н,Жан Кальвин,Наставление в христианской вере. Том 3,,,,
0386,Биогр.,Владимир Марцинковский,Записки верующего.," В биографическом очерке рассказывается о тяготах и испытаниях, выпавших на долю верующих в послереволюционной России, трагических событиях на долго определивших ход истории нашей страны.",,,
0387,Биогр.,Ф.К.Бейли,Молодой бунтарь в Бристоле,Биография Джорджа Мюллера.,,,
0388,Биогр.,"Серия книг ""Зов веры""",Великий труженик.,Повесть о Джоне Уэсли - основателе методистской церкви в Англии.,,,
389,Биогр.,"Серия книг ""Зов веры""",В краю тайфунов,"Повесть о миссионере - Джоне Пейтоне. Из Шотландии он отправился на острова Новые Гебриды, где работал, подвергая опасности свою жизнь, и был великим глашатаем христианской веры.",,,
390,Д и Н,Жан Кальвин,Наставление в христианской вере. Том 4,,,,
391,Д и Н,Освальд И. Смит,Бог - наше спасение,Спасение - это дар Божий и человек может получить его только через веру во Христа,,,
392,Д и Н,Сьюзан Хант,Духовное материнство,"Основы женского служения.Какой может быть Церковь и какой она должна быть в действительности. Полное посвящение себя людям, а не программам.",,,
393,М и Род,Линда Диллоу,Созидающее партнерство,"Апологетика христианского брака. Практические советы для тех женщин, которые независимо от своего культурного уровня хотят быть просто женами по образцу, данному в Священном Писании.",,,
394,Б и П,Яков Левен,Сеется семя,Тысяча ярких примеров из жизни помогающих составить проповедь.,,,
395,Д и Н,Макс Лукадо,"Любовь, которую стоит отдавать","Трудно любить людей, нарушающих обеты и грешащих против истины. Гребущих деньги и готовых ударить нас в спину. С которыми мы встречаемся и вступаем в брак. Как мы можем любить того, кого любить так трудно? На примере 1 Коринфянам 13 автор разъясняет свойства любви.",,,
396,Биогр.,Джон Пайпер,Верные Богу. Том 1,"Торжество Божьей благодати в жизни Августина, Лютера и Кальвина",Том 1,,
397,Биогр.,Джон Пайпер,Верные Богу. Том 2,"Плод страданий в жизни Джона Буньяна, Вильяма Купера, Дэвида Брейнерда",Том 2,,
398,Биогр.,Джон Пайпер,Верные Богу. Том 3,"Непоколебимое основание - Несокрушимое упорство в жизни Джона Ньютона, Чарльза Симеона и Уильяма Уилберфорса",Том 3,,
399,Биогр.,Джон Пайпер,Верные Богу. Том 4,"Борьба за истину - Защита правды и ценности Христа в жизни Афанасия, Джона Оуэна и Дж. Мейчена",Том 4,,
400,Биогр.,Джон Пайпер,Верные Богу. Том 5,"Восполнение скорбей Христовых. Цена проповеди Евангелия в жизни Уильяма Тиндейла, Адонирама Джадсона и Джона Патона",Том 5,,
401,Д и Н,Чарльз Стэнли,Как обрести надежду,Как в трудных обстоятельствах жизни сохранить живую надежду и последовательную верность Христу.,,,
0402,Биогр.,Гюнтер Виске.     Генрих Левен мл.  ,Они следовали за Иисусом,"Девять ярких биографий из полувековой истории Церкви. Живя в разное историческое время, в разных условиях, они сохранили верность открытому им евангельскому учению.",,,
0403,Д и Н,Билли Грэм,Мир с Богом,Книга дает ясные и исчерпывающие ответы на самые насущные жизненные вопросы каждого человека,,,
0404,Д и Н,Пол Трипп,Война слов,"Истоки и решение проблем общения. Какой силой и каким влиянием могут обладать слова, каким прекрасным даром и благословением они могут быть, а также какую опасность они могут таить в себе. Книга научит сначала думать, а потом говорить.",,,
0405,М и Род,Дафни Керк,Воссоединение поколений,"Практические способы как изменить нашу жизнь и жизнь окружающих, и решить проблему ""отцов и детей"" как в церковной, так и в повседневной жизни",,,
0406,дух,Айвен Х.  Френч,Принципы и практика молитвы,,,,
0407,Худ.,Виталий Полозов,Прощеный хлеб,Сборник повестей и рассказов,,,
0408,Худ.,Сергей Курдаков,"Прости меня, Наташа","О молодом человеке Сергее Курдакове, который рос и воспитывался во времена правления коммунистов. Автор четко и точно описывает влияние этого режима на сознание человека, воспитывающее в нем жестокость и бесчеловечность. Сергей с товарищами совершает облавы на христиан,  жестоко избивая их. Но ему удается сбросить обман и ложь и прийти к вере в Бога.",,,
0409,М и Род,Гэри Чепмен,Пять языков любви,"Существует пять языков любви: слова поощрения, время, подарки, помощь, прикосновения. Как научиться понимать язык другого и выражать ему свою любовь.",,,
0410,Д и Н,Джон Буньян,Путешествие Пилигрима,Аллегорический рассказ о путешествии Христианина в Небесную страну,,,
0411,Худ.,Чем люди живы,Сборник христианских рассказов русских классиков,Том 2,,,
0412,М и Род,Гэри Чепмен,Пять языков любви,"Существует пять языков любви: слова поощрения, время, подарки, помощь, прикосновения. Как научиться понимать язык другого и выражать ему свою любовь.",,,
0413,Б и П,Е. Н. Пушков,Увядающий тюльпан ,Обзор литературных трудов по кальвинизму и арминианству,Издательство  Христианин,,
0414,Д и Н,А. С. Сладков ,Книга Бытие-Евангелие древности,"Комментарии доктора технических наук к  книге Бытие ( сотворение мира, потоп)",,,
0415,Биогр.,"Издательство ""Свет на Востоке""",Когда сердца касается  Бог,Письма и свидетельства,,,
0416,Д и Н,Джон Мак-Артур,Наша достаточность во Христе,"Автор разоблачает основные заблуждения (мистицизм, психология и т. д.), на которые христиане поменяли свои источники, и объясняет, как их избежать. Что значит иметь ""достаточность во Христе"". ",,,
0417,М и Род,Сьюзент Хант,Твой дом-обители благодати,Практические советы молодым семьям,,,
0418,Д и Н,Яков Крекер,Возрастание веры,"Вера в жизни Авраама, Исаака, Иосифа и Иакова",,,
0419,Д и Н,Макс Лукадо,Он выбрал гвозди,"Что выбрал Бог, чтобы завоевать твое сердце ",,,
0420,Худ.,"Издательство ""GBV""",Сборник рассказов,"""От Синая до Голгофы"", ""Старый Симон"", ""Маленькие домостроители"", ""Гайят"", ""Тайна коттеджа Фазан"", ""Шестеро и микроавтобус"".",Том 1,,
0421,Худ.,"Издательство ""GBV""",Сборник рассказов,"""Маяк на скале"", ""Хижина на берегу моря"", ""Вилфред"".",Том 2,,
0422,Д и Н,Макс Лукадо,Он выбрал гвозди,"Что выбрал Бог, чтобы завоевать твое сердце ",,,
0423,Д и Н,"Пол Брэнд, Филипп Янси",По образу Его,"В пяти разделах книги - Образ, Кровь, Голова, Дух, Боль, - известный хирург показывает взаимодействие Бога и Церкви, Бога и христианина",,,
0424,Д и Н,Макс Лукадо,И ангелы молчали,"Книга посвящена Страсной неделе Иисуса Христа. Глядя на Него, можем научиться, как самим достойно пройти этот путь. ",,,
0425,Д и Н,"Джери МакГрегор, Мэри Прайс","1001 удивительный факт, который следует знать о христианстве ","Малоизвестные факты, а также дополнительная информация о хорошо известных аспектах христианства",,,
0426,Д и Н,Макс Лукадо,Я не центр Вселенной,"Спасаясь от жизни не приносящей счастья. Как поменять жизненный фокус, как убежать от жизни, полной эгоизма, и как начать жизнь, полную смысла. ",,,
0427,Д и Н,Макс Лукадо,Нежный гром,"Как услышать Божий голос среди шторма. На что готов отважиться Бог, чтобы обратить на Себя твое внимание.",,,
0428,Биогр.,В. М. Журавлёв,Сила в немощи. Свидетельства из жизни. Том 2,Свидетельства о чудных делах и благословениях Божьих,Том 2,,
0429,Худ.,Лори Вик,Свет в окне,"О радости, которую обретают те, кто готов доверять Божьим планам относительно своей жизни",,,
0430,Биогр.,Рабиндранат Р. Махарадж,Смерть одного гуру,Автобиографическая повесть молодого брамина. Содержит сравнение двух мировых религий: индуизма и христианства,,,
0431,Д и Н,,Библия,,,,
0432,Толк.,Мэтью Генри,Евангелие от Матфея,Толкование на книги Нового Завета,,,
0433,Толк.,Мэтью Генри,"Евангелие от Марка, Луки",Толкование на книги Нового Завета,,,
0434,Толк.,Мэтью Генри,Евангелие от Иоанна,Толкование на книги Нового Завета,,,
0435,Толк.,Мэтью Генри,Деяния святых Апостолов,Толкование на книги Нового Завета,,,
0436,Толк.,Мэтью Генри,"Иакова, 1 и 2 Петра, 1-3 Иоанна, Иуды, Римлянам, 1 и 2 Коринфянам",Толкование на книги Нового Завета,,,
0437,Толк.,Мэтью Генри,"Галатам, Ефесянам, Филиппийцам, Колоссянам, 1-2 Фессалоникийцам, 1-2 Тимофею, Титу, Филимону, Евреям, Откровение",Толкование на книги Нового Завета,,,
0438,Худ.,Кристина Рой,Когда жизнь только начиналась,"Мартын Цапола, возвращается с плена и узнает, что его жена вышла замуж. Сердце солдата не выдерживает такого удара. В этот момент в словацкое село Тополово приезжает школьный учитель, который не только возвращает беднягу к жизни, но и помогает ему обрести дар жизни вечной.",,,
0439,Худ.,Тамара Резникова,Предназначена жить,Сборник повестей,,,
0440,Худ.,Люси Мод Монтгомери,Аня из Авонлеи,"Аня, сирота попадает в мир семьи Касберт, изменяет его и сама изменяется к лучшему.",,,
0441,Д и Н,Филип Янси,Что удивительного в благодати?,"Автор проводит нас через все парадоксы и алогичности благодати и показывает, что только приняв Божью благодать можно стать человеком",,,
0442,Биогр.,Вальдемар Цорн,Листая памяти страницы,"Автор выбирает из прожитой им ""книги"" самые дорогие и значимые ""страницы"" и приглашает читателя к сопереживанию и совместным размышлениям",,,
0443,Б и П,Луис Беркхов,История христианских доктрин,"Труд о том, как изменялись, развивались и сохранялись основные христианские доктрины сквозь всю историю Церкви.",,,
0444,Д и Н,Вернер Гитт,Этот удивительный мир - человек,,,,
0445,Б и П,"Х. Дж. Хендрикс,      У. Д. Хендрикс",Жить по книге,"Книга посвящена качественному изучению Библии. Рассматриваются три этапа: наблюдение, толкование и применение.",,,
0446,Д и Н,Филип Янси,"Библия, которую читал Иисус","Книга помогает читателю увидеть актуальность Ветхого Завета. В беседе о книге Иова, Второзаконии, Псалмах, Екклезиаста, пророков автор показывает, что они раскрывают нам суть человеческой природы, рассказывают о ценности человеческой личности.",,,
0447,Толк.,Рэй Стэдмен,Последнее Слово Бога. Постигая Откровение.,Толкование книги Откровение,,,
0448,Д и Н,Филип Янси,"Иисус, которого я не знал",Автор вовлекает читателя в библейское и историческое расследование: кто же был и есть Иисус? Перед нами предстает Иисус - Человек и  Иисус - Бог.,,,
0449,Д и Н,Макс Лукадо,Выйди навстречу своим великанам, История царя Давида и ее применение в жизни современных христиан,,,
0450,Ист.,Эрвин Люцер,Крест Гитлера,"Церковь времен 3-го  Рейха или рассказ о том, как Крест Христов пытались заменить на крест Гитлера (свастику)",,,
0451,Биогр.,"Николай Водневский, Михаил Козлов",Дорогой к свету,"Биография М. Козлова, его жизнь в СССР, бегство из тюрьмы, скитания и обретение смысла жизни в Боге.",,,
0452,Д и Н,Ричард Пратт,Сотворен для достойной цели,"Даже христиане иногда затрудняются ответить на вопрос: кто мы? какими Бог сотворил нас? во что мы себя превратили? и какими мы можем стать во Христе. Книга показывает, как удивительный Божий план может осуществиться в жизни Его народа",,,
0453,Д и Н,Макс Лукадо,Шесть часов одной пятницы,"Из примеров, взятых со страниц Библии, вы извлечете ценные уроки, которые помогут вам понять, почему эти 6 часов, несмотря на весь ужас и боль, так прекрасны",,,
0454,Ист.,Эрвин Люцер,Крест Гитлера,"Церковь времен 3-го  Рейха или рассказ о том, как Крест Христов пытались заменить на крест Гитлера (свастику)",,,
0455,Д и Н,Макс Лукадо,Путешествие налегке,"Почему мы, путники, выглядим такими утомленными? Автор призывает нас по-новому прочесть 22й псалом и сбросить с себя бремя, нести которое мы не должны",,,
0456,Худ.,Джон Мильтон,Потерянный и возвращенный рай,Эпические поэмы с использованием библейских образов. ,,,
0457,Биогр.,Джон Торнбери,Дэвид Брейнерд апостол индейцев,"Дэвид Брейнерд оказал колоссальное влияние на миссионерское движение, а также оставил великий пример личной святости и преданности Богу. История его короткой, но яркой жизни вдохновит современных верующих отдавать больше сил благовестию",,,
0458,Д и Н,Джон Мак-Артур,Раб: Истина о наших взаимоотношениях со Христом,"Автор объясняет, что Иисус освобождает нас от неволи в царственное рабство, чтобы мы были Его собственностью",,,
0459,Ист.,Эрл Е. Кернс,Дорогами христианства,"Историческое развитие христианства, его взаимосвязь с социальными и политическими явлениями жизни, возникновение различных конфессий - вопросы, освещенные в этой книге",,,
0460,Д и Н,Чарльз Хаммель,У времени в плену,"Книга отвечает на вопросы: как жить, чтобы на все хватало времени? Как отличить важное дело от псевдоважного? Как управлять жизнью, а не временем?",,,
0461,Д и Н,"К. Хэм, Дж. Сарфати, К. Виланд, Д. Бэттен",Книга ответов,"Ответы на 20 наиболее часто задаваемых вопросов о сотворении, эволюции и книге Бытия",,,
0462,Биогр.,Н. Храпов,Счастье потерянной жизни,"Автобиографический роман, жизнь автора которого уникальна, поскольку даже за написание этой книги его, 66-летнего старика посадили на три года. Но ничто не сломило этого героя веры в его уповании на Бога.",,,
0463,Д и Н,Дж. Мэйсон,"Ты родился оригиналом, не умри копией!",Книга решительно атакует заурядность. Бог неспроста запланировал для вашей жизни определенную цель.,,,
0464,Б и П,Вильгельм Буш,Приди домой,Проповедь о блудном сыне,,,
0465,Толк.,Тимур Расулов,Поклонение во тьме,Размышления над книгой Иова,,,
0466,Худ.,Родион Березов,Чудо,Сборник рассказов и стихотворений,,,
0467,Худ.,Кристина Рой,      Сила Света,"Богатая американская наследница, мечтавшая стать миссионеркою, по воле родных становится невестой двоюродного брата. Ее жизнь полностю меняется после переезда в Польшу...",Том 1,,
0468,Худ.,Кристина Рой,      Сила Света,"Богатая американская наследница, мечтавшая стать миссионеркою, по воле родных становится невестой двоюродного брата. Ее жизнь полностю меняется после переезда в Польшу...",Том 2,,
0469,Худ.,Андрей Везиков,Молодо-зелено 5,"Повесть адресована прежде всего подросткам. Опора в жизни - истина, возвещенная в Евангелии",Том 5,,
0470,Толк.,Джон Каррид,Бытие. Главы 25-50,Комментарии на книгу Бытие,Том 2,,
0471,Д и Н,Пол Вошер,Проповедь Евангелия и истинное обращение,"Автор бросает вызов упрощенному христианству и размышляет над подлинным значением веры, покаяния и принятия Христа",,,
0472,Д и Н,Джей Адамс,"Прощены, чтобы прощать","Автор рассматривает, что говорит Библия о прощении и как это применяется на практике",,,
0473,М и Род,Гэри Чапмен,Теперь ты говоришь на моем языке,Как искренние отношения и глубокое взаимопонимание могут укрепить ваш брак,,,
0474,Худ.,,Сборник христианских стихов,,,,
0475,М и Род,Джош Мак-Дауэлл,Как помочь молодежи,"Руководство для молодежных лидеров, пасторов и родителей. Совмещая эмоциональную заботу и сочувствие со здравым библейским основанием, автор исследовал основные проблемы подростков и молодежи.",,,
0476,Д и Н,Ларри Беркетт,Бизнес по Книге,Руководство по применению библейских принципов на рабочем месте,,,
0477,Д и Н,,Библия (1926 год издания),,,,
0478,Д и Н,Джон Пайпер,Чему радуется Бог?,Размышления об удовольствии быть Богом. Книга рассматривает все основополагающие христианские доктрины.,,,
0479,Д и Н,Эдвин Луис Коул,Сильные мужчины в тяжелые времена,"Раньше было время Есфирей. Сейчас время Даниилов. Наш мир нуждается в сильных мужьях, отцах, лидерах...",,,
0480,Д и Н,Макс Лукадо,Спаситель рядом,"Иисус, просто Бог, мог бы сотворить нас, но не понимал бы нас. Иисус, просто Человек, мог бы любить нас, но не смог бы спасти. Но Иисус - Бог и Человек. Он достаточно близок, чтобы прикоснуться. Он достаточно силен, чтобы Ему можно было доверять. Спаситель рядом.",,,
0481,Биогр.,Ольга Шевелева,Просто другая,"Автобиографическое повествование о долгожданной дочери, которая родилась по воле Божьей ребенком с особыми потребностями, но от этого не стала менее любимой",,,
0482,Биогр.,Питер Мастерс,Люди высокой цели,"Биографии известных людей, которые пережили чудо обращения к Богу.        Нам, людям, живущим в 21-м веке, есть над чем подумать.",,,
0483,Биогр.,Герман Гартфельд,"Церковь, пасторы и стукачи",Тема книги - роль пастора в церкви и его взаимоотношения с паствой в жестких условиях государственного атеизма,,,
0484,М и Род,Вильфрид Плох,Брак для Славы Божией,"Практическая книга, основная мысль которой заключается в том, что брак - это пожизненная  связь, которую человек не должен разрывать",,,
0485,М и Род,Джон Пейсти,Чтобы семья была крепкой,"Данную книгу характеризуют широкий диапазон тем, конкретность, откровенность, удивительное сочетание глубины содержания и простоты изложения основных библейских принципов",,,
0486,М и Род,Джеймс Добсон,Любовь на всю жизнь,"Реальная семейная жизнь порой сильно отличается от наших мечтаний. В это время важно помнить, что Богу под силу сохранить наше семейное састье на всю жизнь",,,
0487,Д и Н,Джон Стотт,Крест Христа,"Отвергая все небиблейские концепции дотрины искупления, автор показывает единственно правильный взгляд на смерть Христа как заместительное наказание",,,
0488,Д и Н,Джон Стотт,Новые проблемы современных христиан,"Автор рассматривает нашу активность в области охраны окружающей среды, изменчивое лицо прав человека,проблемы гомосесуализма и эвтаназии и многие другие вопросы.",,,
0489,Д и Н,Макс Лукадо,Жаждущий пусть приходит," Лукадо  призывает нас глубоко черпать из Божьего Источника, наделяющего нас силой и способностью жить той жизнью, которую приготовил для нас Бог ",,,
0490,Д и Н,Филип Янси,Разочарование в Боге,Справедлив ли Бог? Почему Бог молчит? Почему Бог прячется от нас? Автор отвечает на эти вопросы в этой книге,,,
0491,Д и Н,Филип Янси,"Где Бог, когда я страдаю?","Проблема боли не нова, но окончательный ответ на нее не прозвучит, видимо, никогда.Существует ли иной подход к проблеме страданий, кроме как загонять Бога в угол своими обвинениями? Это предстоит выяснить читателям книги",,,
0492,Д и Н,Филип Янси,"Библия, которую читал Иисус","Книга помогает читателю увидеть актуальность Ветхого Завета. В беседе о книге Иова, Второзаконии, Псалмах, Екклезиаста, пророков автор показывает, что они раскрывают нам суть человеческой природы, рассказывают о ценности человеческой личности.",,,
0493,Д и Н,Иван Лещук,Экология Духа,"В книге представлена оценка отрицательного влияния информационно-компьютерных технологий на психическое здоровье и духовность человека, а также предложены методы духовной терапии и профилактики различных злоупотреблений в этой области.",,,
0494,Худ.,Тамара Резникова,Против попутного ветра,Повести,,,
0495,Худ.,Тамара Резникова,Очередь в небо,Повести и рассказы,,,
0496,М и Род,"Росс Кэмпбелл, Гарри Чепмен",Когда ваши дети выросли,"Эта книга - ценное пособие для родителей детей в возрасте от 18 до 35 лет, а также для тех, у кого уже взрослые внуки. Авторы учат, как разумно и с любовью наставлять тех, кому мы нужнее всего.",,,
0497,Ист.,Иосиф Флавий,Иудейская война,"""Иудейская война"" - ценнейший источник по истории Иудеи и восстанию евреев против римлян в 66-71 гг. - от непосредственного участника и руководителя восстания ",,,
0498,М и Род,Гэри Чепмен,Выигрывают оба,Руководство по мирному разрешению семейных конфликтов,,,
0499,Д и Н,Дэн Лукарини,Почему я изменил свое мнение о современной христианской музыке,"Признание бывшего руководителя музыкального служения, который на личном опыте убедился в том,  что упор на музыку, особенно на рок-музыку, приводит к разделению в церкви и смещает центр внимания во время поклонения с Бога на человека",,,
0500,Биогр.,Харольд Дж. Сейла,"Истинные герои, или Люди, которые изменили мир",Сто поучительных историй из жизни необычных людей содержит эта книга. Известные и забытые - все они в свое время положительно  влияли на мир  ,,,
0501,Биогр.,Родион Березов,Что было,Одно из лучших и благословенных произведений автора. Читающие эту автобиографию найдут много полезного для своей души,,,
0502,Д и Н,Филип Янси,"Почему? Вопрос, который остается всегда","Книга обращается к тем, кто несет бремя страданий, чья вера пошатнулась, кто испытал разочарование, но пытается найти смысл в том, что происходит",,,
0503,Б и П,Чарльз Сперджен,Благодатью Вы спасены,Проповеди,,,
0504,Б и П,Чарльз Сперджен,Лекции моим студентам,Книга содержит мудрые советы по всем аспектам подготовки к проповеди,,,
0505,М и Р,Эмерсон Эггерих,Любовь и уважение,"Книга объясняет супругам, как справиться с негативной реакцией друг на друга в соответствии с библейскими истинами ",,,
0506,Худ.,Дэвид Бейкер,Обольщение Евы Фольк,Роман о христианах в гитлеровской Германии,,,
0507,Ист.,И. Я. Бокмелдер,Всеобщая история христианской церкви,"Автор дает  обзор истории христианской церкви,  делает попытку ответить на вопросы, почему церковь переживала, духовные взлеты и падения указывая на две, всегда шедшие рядом, ветви христианства - истинную и номинальную.",,,
0508,Д и Н,Вера Кушнир,Женщины Библии,"Автор в легкой и доступной форме предлагает свой, проверенный опытом, взгляд на жизненный путь женщин, о которых упоминает Библия",,,
0509,М и Род,Ненси Ван Пелт,Успешный брак,"Автор дает ценные советы, основанные на библейских взглядах на семью.",,,
0510,М и Род,Ненси Ван Пелт,Найти и удержать,"Автор дает ценные советы, основанные на библейских взглядах на семью.",,,
0511,Д и Н,Мэтью Мид,Обнаружен почти христианин,"Мид бросает вызов неискренним верующим, ищущим только благ от Христа. Те же, кто жаждет углубить свои отношения с Христом, найдут в этой книге много полезного",,,
0512,Д и Н,Филип Янси,Много шума из-за церкви,"Автора отличает честный взгляд на мир, церковь и жизнь христианина. Он не боится поднимать вопросы, которые предпочитают избегать в христианском мире. Книга буквально заставляет нас переосмыслить свое отношение к церковной жизни",,,
0513,Худ.,Тамара Резникова,А звезды видели все,Автобиографический роман,,,
0514,М и Р,Джон Пайпер,Этот преходящий брак,Книга раскрывает библейское учение о браке.,,,
0515,М и Р,Рэнди Элкорн,Принцип чистоты,"Основанная на библейских истинах и полная практических советов, книга поможет хранить себя в чистоте, подавать пример чистоты дома, учить этому детей, соблюдать чистоту отношений в любом возрасте, до брака и в браке",,,
0516,Д и Н,Пол Вошер,Сила и смысл Евангелия,Автор излагает ключевые истины Благой Вести и помогает заново открыть для себя Евангелие во всей его красоте,,,
0517,Д и Н,Джон Мэйсон,"Ты родился оригиналом, не умри копией!",Книга решительно атакует заурядность. Бог неспроста запланировал для вашей жизни определенную цель.,,,
0518,Худ.,Неизвестный,Сын Каиафы," Книга перенесет вас в Капернаум и Иерусалим времен Христа и перед вами предстанут  герои евангельских историй - Сам Иисус, Мария, Каиафа, Пилат, а также многие, кому Христос помог исцелиться телом или душою.",,,
0519,Худ.,Урсула Кох,Розы в снегу,"Роман-биография Катарины Лютер, урожденной фон Бора. ",,,
0520,Худ.,Михаэль Аккерманн,Рокки,"История жизни  рокера, который нашел Христа. Реальная жизнь. Реальные факты.",,,
0521,Б и П,Джон Пайпер,Грядущая Благодать,Цель данной книги - освободить человеческие сердца от необходимости служить проходящим удовольствиям греха,,,
0522,Худ.,Фрэнсин Риверс,Веяние тихого ветра,"В древнем мире юная рабыня деляет все для спасения семьи, которой она служит, и любимого человека",,,
0523,Худ.,Фрэнсин Риверс,Рассвет наступит неизбежно,Гладиатор Атрет обретает истинную веру,,,
0524,Худ.,Фрэнсин Риверс,Эхо во тьме,"Она чудом избежала смерти. Но теперь она должна рисковать жизнью ради человека, отправившего ее на смерть",,,
0525,М и Род,Гэри Томас,Священный брак,"Цель книги - показать, как брак может способствовать духовному росту супругов",,,
0526,Д и Н,Андрей Мурзин,Диалог с православием,Как эффективно благовествовать номинальным православным,,,
0527,Б и П,Рэнди Элкорн,Небеса,На что похожи Небеса? Чем мы будем заниматься? Будем ли мы похожи на себя? Может ли Небо наскучить?,,,
0528,М и Род,Эд Янг,10 заповедей успешного брака,"Что можно и что нельзя делать, если хочешь быть счастливым.",,,
0529,М и Род,Пол Дэвид Трипп,Секс и деньги,"Что заставляет меня (автора) писать об этом? Ответ 3 слова: безумие, зависимость и слава.",,,
0530,Толк.,Джон Каррид,Бытие. Том 1,Комментарии на книгу Бытие,главы 1- 24,,
0531,Толк.,Алексей Прокопенко,Бытие,Комментарии на книгу Бытие. Все главы.,,,
0532,Худ.,Людмила Шторк ,Тернистые тропы любви,В книге прослеживается судьба пастора Марка - с юности до самых преклонных лет. Действие происходит в годы репрессий и жестоких гонений на церковь в СССР. Через все это вынуждена пройти его семья,,,
0533,Худ.,Виталий Полозов,Странник я на земле,Повесть о реальных событиях в тайге. С подобными людьми В. Полозов долгое время сам работал.,,,
0534,Худ.,Франсин Риверс,Сад Лиоты,"История семьи, несколько поколений которой страдают от взаимного непонимания. Смогут ли они простить друг друга и вновь собраться под одной крышей?",,,
0535,Худ.,Франсин Риверс,Алая нить,"Две женщины. Две судьбы. Несмотря на разделяющие их столетия, они соединены одним потрепанным дневником.",,,
0536,Худ.,Лори Вик,По прошествии времени,"Бобби Бредфорд, конечно не была первой красавицей, но Джеф Тейлор не имел права ее обижать. Она уехала из города и так и не вернулась. Джеф ждал ее пять лет, чтобы извиниться. Возродится ли их дружба?",Книга 2,,
0537,Худ.,Лори Вик,Сэн Донован,"Юноша стал членом банды воров, но попался на первом же грабеже. По закону округа спасти мужчину от виселицы может женщина, если выйдет за него замуж.",Книга 3,,
0538,Худ.,Лори Вик,Дочь Донована,"Школьная учительница стала в центре провинциального скандала, который стал угрожать ее карьере. Отступит ли она перед ложными обвинениями или будет бороться?",Книга 4,,
0539,Худ.,Виктор и Тамара Резниковы,Помилованные,Автобиографическая повесть. Из сердца моего- поэзия.,,,
0540,Биогр.,Christliche Literatur- Verbreitung (CLV),Джон Патон,Миссионер среди каннибалов Южного моря (группа островов Новые Гебриды в Тихом Океане),,,
0541,Худ.,Тамара Резникова,Белые Страницы,"Истории из жизни обычных людей, чьи судьбы стали неразрывно связаны с верою в Спасителя. ",,,
0542,Худ.,Тамара Резникова,Абрикосовое Дерево,"Молодая женщина, пережившая смерть близких, предательство и ложь любимого человека, в свои 25 лет уже опустошена и разочарована жизнью. С абрикосовым деревом ее связывают много дорогих воспоминаний юности",,,
0543,Худ.,Тамара Резникова,Сочинение,"Через всю жизнь пронесла молодая учительница свою единственную любовь к Тимофею,которого полюбила еще в юности. Тогда им пришлось расстаться, но пришло время и Бог снова соединяет одинокие судьбы.",,,
0544,Худ.,Людмила Шторк ,Свет сквозь мрак,"Нужно иметь немало мужества, чтобы принять жизнь без бунта и обиды - понимая, что Бог готов дать покой.",,,
0545,Худ.,Людмила Шторк ,"Жизнь за гранью, или обретенное счастье","Преуспевающий бизнесмен Денис имеет в жизни все, что пожелает. Только после того как он узнал, что заражен ВИЧ- инфекцией, он приходит к Богу.",,,
0546,Худ.,Виталий Полозов,На бурных перекатах,"Повествует о гонениях, имевших место в 20 столетии в бывшем СССР.",,,
0547,Д и Н,Лейтон Талберт,Не случайно,"Божье провидение - прочное основание нашей веры, позволяющее нам с уеренностью воспринимать жизненные трудности и трагедии",,,
0548,Б и П,Томас Трибелхорн ,Библия- это не миф,"Факты, о которых умалчивают ваши преподаватели. ",,,
0549,М и Род,Уэйн А. Мэк, Подготовка к богоугодному браку,"Пошаговое руководство для тех, кто уже вступил или только собирается вступить в брак",,,
0550,Д и Н,Лейтон Талберт,Не случайно,"Божье провидение - прочное основание нашей веры, позволяющее нам с уеренностью воспринимать жизненные трудности и трагедии",,,
0551,Худ.,Лори Вик,Чтобы ни произошло завтра,"Сан- Франциско 1871 г. Кэйтлин вынуждена столкнуться с жестокой реальностью калифорнийской жизни. Горечь обращается в радость победы, наивность в зрелость, когда она молится Богу.",,,
0552,Биогр.,И. Я. Антонов,Мое счастье- в Боге,Автобиографическая повесть.  ,,,
0553,Биогр.,Е. Н. Пушков,Ты был со мной всюду. Благовестие,Автобиографическая повесть.  ,,,
0554,ДиН,Освальд Чеймберс,"Все,что могу, - во славу Его"," Описание главных мыслей на тему прославления Бога каждый день, на год.",,,
0555,Худ.,Джон Бевир и Марк Эндрю Олсен,Спасенные,"Роман о пасторе  и его семье. После катастрофы,поврежденная подводная лодка оказывается на дне моря..",,,
0556,Худ.,Элинор Портер,Спутанные нити,"Сборник из 20 рассказов о характерах и нравах современников Элеоноры Портер , как положительные, так и отрицательные.",,,
0557,Худ.,С. Степняк - Кравчинський,Штундист Павелл Руденко,"Действующие лица - простые крестьяне, среди которых особенные люди. Их любовь и вера в Господа являют истинный евангельский свет землякам.",,,
0558,Худ.,сборник рассказов 21 столетья,Птица,"Это детективы и нравоучительные миниатюры, фантастика и житейские истории. Авторы обращаются к первоисточнику мудрости - евангельской проповеди Христа.",,,
0559,Худ.,Пол Хатауэй,Человек с неба,Автобиография китайского Брата Юна.,,,
0560,Худ.,Наталья Гурмеза,Просто любить,Автор делает вывод — просто любовь дает силы в любых ситуациях.,,,
0561,Худ.,Ирина Бренд,С этим знамением мы победим (Гонения на церковь),Жестокие преследования христиан во время правления императора Диоклетиана.,Книга 1,,
0562,Худ.,Ирина Бренд,С этим знамение мы победим (Первый христианский император),"Во второй части вы узнаете о жизни Константина, когда он принял Христа и стал императором.",Книга 2,,
0563,Худ.,Людмила Шторк,Счастье на окраине города,"Талантливая девушка с трудной судьбой, Лиана Лезина, волей случая знакомится с христианской семьей, которая оказывает ей поддержку и помощь",,,
0564,Дух.,Макс Лукадо,Лекарство от обыденности,"Ззадача каждого человека — понять замысел Творца в отношении своей жизни и исполнить то, ради чего он был послан в этот мир.",,,
0565,Дух.,Рик Уоррен,Целеустремленная жизнь,"Книга поможет вам узнать ради чего вы живете, и увидеть удивительный Божий замысел для вашей жизни. Сорокадневное духовное путешествие, которое поможет вам найти истинный ответ на самый важный вопрос:""Зачем я здесь?""",,,
0566,Дух.,Иохим Лангхаммер,Жизнь в победе," Посвящена верующим, которые твёрдо решили следовать за Господом Иисусом Христом, и через возрождение стали детьми Божьими. Как ученикам Иисуса Христа, им раз и навсегда прощены грехи, и стремление их - следовать только за своим Господом, и жить во Славу ",,,
0567,МиР.,Джош Макдуэлл и Дик Дей,Как стать героем для своих детей,"План воспитания детей, который позволит Вам стать героем в их глазах. Сочувствие, твердость, последовательность сделают Вас примером для Ваших детей",,,
0568,Толк.,Джон Ф. МакАртур мл.,Толкование Послания к Ефесянам,Комментарии на Книгу Послание Ефесянам,,,
0569,Ист.,Иван Степанович Проханов,В котле России,"Автобиография И.С. Проханова, основателя и почетного руководителя Всероссийского Союза Евангельских Христиан, вместе с интересным повествованием о Русском Союзе Евангельских Христиан.",,,
0570,МиР,Джон Стормер,Растем с Богом,"Подробные инструкции по воспитанию детей от рождения и до пяти лет подкреплены практическими принципами, которые помогут родителям создать счастливую, успешную христианскую жизнь для себя и стабильные, приносящие удовлетворение, семейные отношения друг дл",,,
0571,МиР,Майкл и Деби Перл,Как воспитывать ребенка,"Сформировать в ребёнке радостное отношение послушания и повиновения, не только внешнее, но и внутреннее согласие его с родителями, полное его доверие им.",,,
0572,Биогр.,Вильям Корей,Его жизнь и деятельность,Биография о первом миссионере Индии,,,
0573,Худ,Мирн Грант,Ваня,"О гибели в армии во времена Советского Союза верующего  мученика солдата Ивана Моисеева, Перед его мучительной смертью Господь позволил ему побывать дома, у родителей, где он рассказывал о своих переживаниях на службе.",,,
0574,К и Мр,Фрэнсис Анфьюзо..,"Христианство, культы и другие религии","Цель этой книги - дать христианам подробную информацию об ошибках в учениях других религии. Понимание различий между христианством и другими религиями даст вам верный ответ для тех, кто принадлежит к культам и религиям мира. Авторы книги призывает читател",,,
0575,Дух,Иаков Козлов,Вопросы и ответы,"Эта брошюра содержит в себе ответы на вопросы, взятые из писем радиослушателей. В ней Вы найдете много цитат из Библии, что поможет Вам глубже вникнуть в Слово Божье.
Вы узнаете, как грех вошел в мир, что такое искушение, как Христос мог быть безгрешным",,,
0576,Худ,Николай Водневский,Под Покровом Всевышнего,"В этой повести Водневский описывает своё босоногое, голодное детство, омрачённое сиротством; юность, обожжённую войной. И через все эти бедствия, горе и невзгоды он прошёл под покровом Всевышнего, Которого любил, Которому доверял и Которому был верен.",,,
0577,Худ,Стэн Тэлчин,Найти истину,"Вняв просьбам своей дочери, автор начинает поиски, возвращаясь назад, в прошлое. он сталкивается с внутренним конфликтом, отправится в путешествие к истокам иудаизма и узнает о глубоком, тесном единстве между  иудаизмом и христианством",,,
0578,Худ,Надежда Орлова,В поисках чистого сердца,"Сборник заметок и эссе на злободневные темы церковной и общественной жизни, размышления над Словом Божьим. В них отражены боль и радость ее сердца, яркие и понятные вехи на пути к вечности, практические советы читателю, который находится в поисках чистого",,,
0579,Худ,Кристина Рой,"ТО, что пребывает вечно","В жизни каждого из героев этой повести однажды происходит встреча с Богом. Встреча, которая переворачивает душу, меняет привычное течение жизни, разрушает людские мечты о земном счастье, чтобы взамен дать «То, что пребывает вечно».",,,
0580,Худ,Ира Константинник,"Мечты сбываются, если верить",,,,
0581,Худ,Виталий Полозов,Цветы на снегу,"""Цветы на снегу"" повествуют о гонениях на христиан в этой атеистической стране, а ""Тайны Салаира"" - о невыносимом положении советских немцев в военные и послевоенные годы.",,,
0582,Дух,Ричард Пратт,Сотворен для достойной цели,"Даже христиане иногда затрудняются ответить на вопрос: кто мы? какими Бог сотворил нас? Во что мы себя превратили? И какими мы можем стать во Христе? Основываясь на Святом Писании, Ричард Пратт показывает, как удивительный Божий план",,,
0583,Худ,Наталья  Гурмеза,Мед на снегу,Рыжеволосая девушка Зоя выросла в детском доме. Путь к Богу и себе оказался нелегким. Но Зоя выдержала все испытания. Несокрушимая вера в Господа помогла ей выстоять и победить.,,,
0584,Худ,Людмила Шторк,Знакомство с жизнью,"В этой книге описаны судьбы тех, кто руководился страхом и прикрывался масками. Живущие в семье под одной крышей люди, могут при этом обитать в противоположных мирах. Один будет счастлив и благодарен, второй - подавлен и удручён. Что же нужно человеку для",,,
0585,Худ,Геннадий Любошин,Выбор,"Правдивые, искренние рассказы сборника не оставляют сомнения в личной причастности автора к описываемым событиям. В самых разнообразных эпизодах-от курьезных до драматических-изображены яркие,запоминающиеся характеры. Всех героев, а это дети, зрелые люди,",,,
0586,Худ,Тамара Резникова,Пустая корзина,"Главная героиня молодая женщина Алевтина переживает тяжелые обстоятельства. Предательство мужа и беременность дочери-подростка выбивают ее из седла привычной и обыденной жизни. Ее поддерживает и  молятся о ней свекровь, пожилая христианка",,,
0587,Дух,Ларри Дисон,На шаг ближе к Иисусу (теряя и обретая жизнь)," Книга  поможет найти ответы на вопросы о сущности истинного ученичества: как мы можем вступить в живые взаимоотношения с Иисусом? Возможно ли любить безусловно? Можем ли мы потерять жизнь, а затем обрести ее?",,,
0588,Худ,Франсин Риверс,Мост в Хейвен,"Родная мать бросает ее, едва успев дать жизнь. Подобравший ее и ставший для нее отцом человек вынужден отдать ее новым приемным родителям. Лучший друг уходит на войну. Чувствуя себя преданной и невероятно одинокой, она сбегает на «фабрику грез»",,,
0589,Дух,,Хлеб насущный (годовое издание 2017,"Годовое издание   книги для каждодневного чтения ""Хлеб насущный""",,,
0590,Худ,Усула Кох,Розы в снегу,"Роман-биография Катарины Лютер, урожденной фон Бора.",2 шт,,
0591,Худ,,Птица,"Детективы и нравоучительные миниатюры, фантастика и житейские истории. Авторы обращаются к первоисточнику мудрости - евангельской проповеди Христа.",Рассказы  (2 шт),,
0592,Мир,Джим Конви,Мужчина:Кризис среднего возраста,"Для мужчин, вступивших в период среднего возраста и думающих о том, чтобы бросить работу, семью, церковь, стремящихся избежать всякой ответственности и никогда больше не возвращаться к прежней жизни.",,,
0593,Мир,Харольд Дж.Сейла,Радость одиночества в окружении супружеских пар,"детально и обоснованно были изложены ответы на все те вопросы, которые сегодня волнуют молодых людей, находящихся в ожидании женитьбы, поможет одиноким душам увидеть радость жизни, приготовленную для них Богом.",,,
0594,МиР,Грэм Робертс,Неравный брак,Как быть мудрым в отношениях с людьми иных вероисповеданий при женитьбе на людях других вероисповеданий,,,
0595,Дин,Чип Ингрэм,"Бог хочет, чтобы ты Его увидел","взглянуть на Бога - и увидеть Его таким, как Его раскрывает Писание, изложена библейская помощь по практическому применению обновленного представления о Боге.",,,
0596,МиР,Ольга Шеевелевая,Просто другая,"Алина - героиня книги, пришла в этот мир, как и все дети, с надеждой быть принятой, но генетический тест обнаружил наличие лишней хромосомы в ее клетках. Она стала ""не такой как все"", ""другой""",,,
0597,Мир,Уэйн А.Мэк,Подготовка к богоугодному браку,Вы влюблены. Не так ли? Это замечательно! Любовь - поистине удивительное чувство. На любви зиждется счастливый брак.,,,
0598,Дух,Грег Гилберт,Что такое Евангелие,"Что такое Евангелие?  Если мы хотим услышать ответ, необходимо обращаться к Слову Божьему.",,,
0599,Дух,Тимур Расулов,Поклонение во тьме,Толкование на книгу Иова,,,
0600,Дух,Тимур Расулов,В погоне за ветром,Толкование на книгу Екклесиаста,,,
0601,Дух,Тимур Расулов,Научи меня любить,Размышления о практическом освящении,,,
0602,Худ,Элизабет Эллиот,Шанс умереть,"история жизни Эми Кармайкл, ирландской миссионерки и писательницы, которая провела в Южной Индии тридцать пять лет,  она основала Дохнавурское братство - приют для детей, чьё нравственное благополучие было под угрозой.",,,
0603,Биогр,Георгий Винс,Евангелие в узах,"о нелёгких годах заключения, которые пришлось перенести в трудовом лагере «Чипищанка» евангельским христианам-баптистам, страдая за веру в Иисуса Христа.",,,
0604,Биогр,Октавиан Корт,Гражданин неба,"Автобиографическая книга рассказывает о нелегкой судьбе этнических немцев, живших на территории Советского Союза, а также о жизненной дороге Октавиана Корта",,,
0605,Худ,,Песни ветра,сборник рассказов,рассказы,,
0606,Худ,Тамара Резникова,Пустая корзина," Алевтина переживает тяжелые обстоятельства. Предательство мужа и беременность дочери-подростка выбивают ее из седла привычной и обыденной жизни. Ее поддерживает и  молятся о ней свекровь, пожилая христианка",,,
0607,Дух,Джери Бриджес,Терпимые грехи,"Эта книга посвящена грехам. Но не очевидным грехам нашего общества, а неприметным грехам христиан.",,,
0608,Худ,Анна Лукс,Из одного гнезда,реальная история одной семьи длиной почти  в сто лет.,,,
0609,Худ,Анна Лукс,Изведи мою душу из ада,"Продолжение повести о том, как сложились судьбы четырех интернатовских девушек, вступивших во взрослую жизнь",1,,
0610,Худ,Светлана Тимохина,Свет звезды,"книга состоит из рассказов, стихов и размышлений автора о радостях и трудностях христианской жизни",,,
0611,Худ,Неизвестный,Сын Каиафы," Книга перенесет вас в Капернаум и Иерусалим времен Христа и перед вами предстанут  герои евангельских историй - Сам Иисус, Мария, Каиафа, Пилат, а также многие, кому Христос помог исцелиться телом или душою.","миссия ""Надежда спасения""",,
0612,Худ,Анна Лукс,В раю осени нет," Это сборник проникновенных рассказов о непростых судьбах людей. Здесь и наблюдения из повседневной жизни, и размышления автора о себе.",,,
0613,Худ,Анна Лукс,У Господа спасение,"Продолжение повести о том, как сложились судьбы четырех интернатовских девушек, вступивших во взрослую жизнь. Куда привел их выбранный каждой из них путь, в Божьи объятия или дьявольские сети?",2,,
0614,Биогр,Джон Поллок,Моуди,классическая биография известного проповедника и миссионера Д. Л. Моуди,,,
0615,Худ,Кристина Рой,Дорогой ценой,"Роман о пути людей ко Христу, к признанию Его своим Господом и Спасителем. На примере жизненных ситуаций автор показывает истиность евангельских заповедей.",,,
0616,МиР,Пол Дэвид Трипп,Что вы ожидали,"Так или иначе каждый брак в той или иной мере становится полем битвы.
Всякий брак превращается в нечто такое, чего изначально не желали супруги. Размышления по вопросам выхода к богоугодному браку",,,
0617,Дух,Пол Миллер,Жизнь в молитве,"Молиться нелегко, книга о том, как научиться молиться Богу с пользой и сокрушенным сердцем",,,
0618,Дух,Джон Миллер,Сердце лидера-слуги," Джек Миллер учил, что христианский лидер должен быть прежде всего слугой и что он будет правильно относиться к Богу и людям, если только его сердце преображено благодаря встрече с Богом живым.",,,
0619,Дух,Сторми Омартиан,Молитвенный воин,В этой книге вы найдете помощь и поддержку для развития своей молитвенной жизни.,,,
0620,Дух,К.Джон Коллинз,Наука и вера(враги или друзья),"что такое вера и наука, как они соотносятся друг с другом, и что может сказать нам об истине каждая из них.",,,
0621,Дух,Джон Пайпер,Думать и верить,"Эта книга — призыв к серьезному мышлению, благодаря которому человек учится любить Бога и других людей.",,,